history_id,placement_id,status,period_start,period_end,employer_id,job_title,exit_reason_code,exit_reason_text
1,1,active,2025-06-14,,6.0,IT/ITES Associate,,
2,3,active,2025-06-07,,2.0,IT/ITES Associate,,
3,4,active,2025-06-29,,2.0,IT/ITES Associate,,
4,6,ended,2025-04-27,2026-04-22,4.0,IT/ITES Helper (low-relevance role),better_opportunity,Moved to a better opportunity
5,8,active,2025-05-27,,4.0,IT/ITES Associate,,
6,9,active,2025-06-26,,,IT/ITES Associate,,
7,10,active,2025-05-29,,5.0,IT/ITES Associate,,
8,13,active,2025-06-05,,1.0,IT/ITES Associate,,
9,14,active,2025-05-19,,2.0,IT/ITES Associate,,
10,15,active,2025-06-28,,5.0,IT/ITES Associate,,
11,16,active,2025-06-01,,5.0,IT/ITES Helper (low-relevance role),,
12,17,active,2025-04-21,,6.0,IT/ITES Associate,,
13,19,ended,2025-06-29,2026-06-24,3.0,IT/ITES Associate,location_mismatch,Commute / relocation issues
14,20,active,2025-06-11,,6.0,IT/ITES Helper (low-relevance role),,
15,21,active,2025-04-23,,2.0,IT/ITES Associate,,
16,22,active,2025-06-04,,1.0,IT/ITES Associate,,
17,24,active,2025-06-03,,3.0,IT/ITES Associate,,
18,25,active,2025-05-23,,3.0,IT/ITES Associate,,
19,26,active,2025-05-14,,3.0,IT/ITES Associate,,
20,28,active,2025-06-20,,4.0,IT/ITES Associate,,
21,30,active,2025-04-26,,1.0,IT/ITES Associate,,
22,33,active,2025-06-16,,,IT/ITES Associate,,
23,35,active,2025-04-29,,,IT/ITES Associate,,
24,38,ended,2025-06-28,2026-06-23,,IT/ITES Associate,location_mismatch,Commute / relocation issues
25,39,active,2025-05-14,,,IT/ITES Associate,,
26,40,active,2025-06-05,,5.0,IT/ITES Helper (low-relevance role),,
27,41,active,2025-04-25,,4.0,IT/ITES Helper (low-relevance role),,
28,42,active,2025-06-10,,,IT/ITES Associate,,
29,43,active,2025-05-03,,1.0,IT/ITES Associate,,
30,44,active,2025-05-22,,,IT/ITES Associate,,
31,45,active,2025-06-06,,4.0,IT/ITES Associate,,
32,46,active,2025-05-03,,4.0,IT/ITES Associate,,
33,47,active,2025-06-14,,3.0,IT/ITES Associate,,
34,48,active,2025-04-24,,6.0,IT/ITES Associate,,
35,49,active,2025-05-27,,1.0,IT/ITES Associate,,
36,50,active,2025-06-13,,6.0,IT/ITES Associate,,
37,51,active,2025-05-09,,6.0,IT/ITES Associate,,
38,52,active,2025-05-27,,3.0,IT/ITES Associate,,
39,53,ended,2025-06-09,2026-06-04,3.0,IT/ITES Helper (low-relevance role),family_reasons,Family circumstances changed
40,54,active,2025-06-02,,6.0,IT/ITES Associate,,
41,55,active,2025-05-11,,2.0,IT/ITES Associate,,
42,57,active,2025-05-06,,,IT/ITES Associate,,
43,59,ended,2025-06-27,2026-06-22,6.0,IT/ITES Associate,location_mismatch,Commute / relocation issues
44,61,active,2025-04-23,,6.0,IT/ITES Associate,,
45,63,active,2025-05-25,,,IT/ITES Associate,,
46,64,active,2025-03-10,,,IT/ITES Associate,,
47,65,active,2025-03-11,,5.0,IT/ITES Helper (low-relevance role),,
48,67,active,2025-02-15,,6.0,IT/ITES Associate,,
49,68,active,2025-04-04,,,IT/ITES Associate,,
50,70,active,2025-04-03,,6.0,IT/ITES Associate,,
51,71,ended,2025-01-30,2026-01-25,1.0,IT/ITES Associate,low_wage,Left due to low wage relative to workload
52,73,active,2025-02-08,,,IT/ITES Associate,,
53,74,active,2025-01-26,,4.0,IT/ITES Associate,,
54,75,active,2025-03-25,,5.0,IT/ITES Associate,,
55,76,active,2025-03-27,,2.0,IT/ITES Associate,,
56,77,active,2025-04-01,,6.0,IT/ITES Associate,,
57,78,active,2025-01-28,,6.0,IT/ITES Associate,,
58,79,active,2025-02-16,,6.0,IT/ITES Associate,,
59,80,active,2025-03-04,,6.0,IT/ITES Associate,,
60,81,active,2025-02-19,,1.0,IT/ITES Associate,,
61,83,active,2025-03-13,,4.0,IT/ITES Helper (low-relevance role),,
62,84,active,2025-02-17,,3.0,IT/ITES Associate,,
63,85,active,2025-03-05,,2.0,IT/ITES Helper (low-relevance role),,
64,86,active,2025-03-25,,5.0,IT/ITES Associate,,
65,88,active,2025-02-17,,2.0,IT/ITES Helper (low-relevance role),,
66,89,active,2025-04-04,,3.0,IT/ITES Associate,,
67,90,ended,2025-01-30,2026-01-25,,IT/ITES Associate,skill_mismatch,Job did not match trained skillset
68,91,active,2025-02-06,,2.0,IT/ITES Associate,,
69,93,active,2025-02-28,,1.0,IT/ITES Associate,,
70,94,active,2025-03-22,,,IT/ITES Associate,,
71,95,active,2025-02-06,,4.0,IT/ITES Associate,,
72,96,active,2025-03-23,,2.0,IT/ITES Associate,,
73,97,active,2025-04-03,,2.0,IT/ITES Associate,,
74,98,ended,2025-03-18,2025-09-14,6.0,IT/ITES Helper (low-relevance role),health,Health-related reasons
75,99,active,2025-02-12,,5.0,IT/ITES Associate,,
76,100,active,2025-03-19,,3.0,IT/ITES Associate,,
77,101,active,2025-02-07,,5.0,IT/ITES Associate,,
78,103,active,2025-03-17,,,IT/ITES Associate,,
79,104,active,2025-02-24,,,IT/ITES Associate,,
80,105,active,2025-02-05,,5.0,IT/ITES Helper (low-relevance role),,
81,106,active,2025-01-24,,5.0,IT/ITES Associate,,
82,108,active,2025-02-14,,,IT/ITES Associate,,
83,109,active,2025-02-10,,,IT/ITES Associate,,
84,110,active,2025-03-01,,5.0,IT/ITES Associate,,
85,111,active,2025-03-25,,,IT/ITES Associate,,
86,112,ended,2025-02-01,2025-07-31,,IT/ITES Associate,family_reasons,Family circumstances changed
87,114,active,2025-03-07,,1.0,IT/ITES Associate,,
88,115,active,2025-04-04,,1.0,IT/ITES Associate,,
89,116,active,2025-02-18,,,IT/ITES Associate,,
90,117,active,2025-03-12,,,IT/ITES Associate,,
91,118,active,2025-03-22,,2.0,IT/ITES Associate,,
92,119,active,2025-02-09,,2.0,IT/ITES Associate,,
93,120,active,2025-03-02,,2.0,IT/ITES Associate,,
94,121,active,2025-01-31,,3.0,IT/ITES Associate,,
95,122,active,2025-02-11,,5.0,IT/ITES Associate,,
96,123,active,2025-03-11,,,IT/ITES Associate,,
97,124,active,2025-01-28,,5.0,IT/ITES Helper (low-relevance role),,
98,125,active,2025-05-26,,2.0,IT/ITES Associate,,
99,126,active,2025-05-17,,1.0,IT/ITES Associate,,
100,127,active,2025-06-04,,6.0,IT/ITES Associate,,
101,128,active,2025-05-03,,5.0,IT/ITES Helper (low-relevance role),,
102,129,ended,2025-04-29,2025-07-28,4.0,IT/ITES Helper (low-relevance role),location_mismatch,Commute / relocation issues
103,130,active,2025-04-23,,4.0,IT/ITES Associate,,
104,132,active,2025-06-05,,4.0,IT/ITES Associate,,
105,133,active,2025-06-13,,4.0,IT/ITES Associate,,
106,134,active,2025-05-13,,,IT/ITES Associate,,
107,135,active,2025-05-07,,3.0,IT/ITES Helper (low-relevance role),,
108,136,active,2025-05-17,,2.0,IT/ITES Associate,,
109,137,active,2025-04-13,,1.0,IT/ITES Associate,,
110,138,ended,2025-06-05,2025-09-03,,IT/ITES Associate,skill_mismatch,Job did not match trained skillset
111,139,active,2025-05-18,,,IT/ITES Associate,,
112,140,active,2025-04-08,,6.0,IT/ITES Helper (low-relevance role),,
113,141,active,2025-06-08,,1.0,IT/ITES Associate,,
114,142,active,2025-05-03,,6.0,IT/ITES Associate,,
115,143,active,2025-04-27,,3.0,IT/ITES Associate,,
116,145,ended,2025-05-05,2025-08-03,6.0,IT/ITES Associate,family_reasons,Family circumstances changed
117,146,active,2025-05-22,,5.0,IT/ITES Associate,,
118,147,active,2025-05-02,,,IT/ITES Associate,,
119,148,active,2025-04-28,,2.0,IT/ITES Associate,,
120,150,active,2025-05-17,,4.0,IT/ITES Associate,,
121,151,active,2025-05-27,,6.0,IT/ITES Associate,,
122,152,active,2025-05-10,,,IT/ITES Associate,,
123,154,ended,2025-04-04,2025-10-01,,IT/ITES Associate,family_reasons,Family circumstances changed
124,155,ended,2025-05-16,2025-11-12,2.0,IT/ITES Associate,better_opportunity,Moved to a better opportunity
125,156,active,2025-04-16,,1.0,IT/ITES Associate,,
126,157,ended,2025-04-06,2025-07-05,3.0,IT/ITES Associate,workplace_issues,Workplace conditions / employer issues
127,158,active,2025-04-21,,2.0,IT/ITES Associate,,
128,159,ended,2025-06-08,2025-09-06,6.0,IT/ITES Associate,family_reasons,Family circumstances changed
129,160,active,2025-04-20,,3.0,IT/ITES Associate,,
130,161,active,2025-04-17,,5.0,IT/ITES Associate,,
131,162,active,2025-05-11,,,IT/ITES Associate,,
132,163,active,2025-04-30,,1.0,IT/ITES Helper (low-relevance role),,
133,165,active,2025-04-27,,2.0,IT/ITES Associate,,
134,166,active,2025-05-25,,5.0,IT/ITES Helper (low-relevance role),,
135,167,active,2025-06-07,,,IT/ITES Associate,,
136,168,ended,2025-04-16,2025-07-15,,IT/ITES Associate,skill_mismatch,Job did not match trained skillset
137,169,active,2025-05-28,,5.0,IT/ITES Associate,,
138,170,active,2025-04-10,,,IT/ITES Associate,,
139,171,ended,2025-05-10,2026-05-05,,IT/ITES Associate,family_reasons,Family circumstances changed
140,172,active,2025-05-25,,4.0,IT/ITES Associate,,
141,176,active,2025-05-19,,2.0,IT/ITES Associate,,
142,177,active,2025-04-26,,6.0,IT/ITES Associate,,
143,178,active,2025-05-03,,5.0,IT/ITES Associate,,
144,179,active,2025-05-07,,3.0,IT/ITES Associate,,
145,180,active,2025-04-24,,1.0,IT/ITES Associate,,
146,181,ended,2025-05-23,2025-08-21,1.0,IT/ITES Associate,family_reasons,Family circumstances changed
147,183,active,2025-05-03,,5.0,IT/ITES Associate,,
148,184,active,2025-05-23,,6.0,IT/ITES Associate,,
149,185,active,2025-06-11,,1.0,IT/ITES Associate,,
150,186,ended,2025-04-19,2026-04-14,1.0,IT/ITES Associate,workplace_issues,Workplace conditions / employer issues
151,188,active,2024-10-13,,2.0,IT/ITES Associate,,
152,189,active,2024-11-26,,,IT/ITES Helper (low-relevance role),,
153,190,active,2024-11-27,,,IT/ITES Associate,,
154,191,ended,2024-12-18,2025-06-16,4.0,IT/ITES Associate,skill_mismatch,Job did not match trained skillset
155,192,active,2024-10-21,,3.0,IT/ITES Associate,,
156,193,active,2024-12-21,,3.0,IT/ITES Helper (low-relevance role),,
157,195,active,2024-11-12,,5.0,IT/ITES Helper (low-relevance role),,
158,197,active,2024-12-01,,,IT/ITES Associate,,
159,198,active,2024-12-18,,6.0,IT/ITES Associate,,
160,199,active,2024-10-22,,6.0,IT/ITES Associate,,
161,201,active,2024-10-24,,6.0,IT/ITES Associate,,
162,203,active,2024-12-17,,,IT/ITES Associate,,
163,204,active,2024-10-15,,2.0,IT/ITES Associate,,
164,205,active,2024-11-15,,1.0,IT/ITES Associate,,
165,207,active,2024-10-18,,,IT/ITES Associate,,
166,208,active,2024-11-06,,6.0,IT/ITES Associate,,
167,209,ended,2024-11-03,2025-05-02,,IT/ITES Associate,skill_mismatch,Job did not match trained skillset
168,210,ended,2024-10-12,2025-01-10,5.0,IT/ITES Associate,better_opportunity,Moved to a better opportunity
169,211,active,2024-11-03,,6.0,IT/ITES Associate,,
170,213,active,2024-12-14,,5.0,IT/ITES Associate,,
171,214,active,2024-11-24,,3.0,IT/ITES Helper (low-relevance role),,
172,215,active,2024-11-23,,5.0,IT/ITES Helper (low-relevance role),,
173,216,active,2024-11-19,,,IT/ITES Associate,,
174,217,active,2024-10-23,,1.0,IT/ITES Associate,,
175,218,active,2024-12-20,,,IT/ITES Associate,,
176,219,active,2024-12-11,,,IT/ITES Associate,,
177,220,active,2024-10-21,,5.0,IT/ITES Associate,,
178,221,active,2024-10-20,,4.0,IT/ITES Associate,,
179,222,ended,2024-11-25,2025-11-20,4.0,IT/ITES Associate,location_mismatch,Commute / relocation issues
180,223,active,2024-12-11,,2.0,IT/ITES Associate,,
181,225,active,2024-12-20,,4.0,IT/ITES Associate,,
182,226,active,2024-12-20,,,IT/ITES Associate,,
183,227,active,2024-10-22,,4.0,IT/ITES Associate,,
184,229,active,2024-10-18,,,IT/ITES Associate,,
185,231,active,2024-11-11,,,IT/ITES Associate,,
186,232,active,2024-11-04,,,IT/ITES Associate,,
187,233,active,2024-12-07,,1.0,IT/ITES Associate,,
188,234,active,2024-11-26,,5.0,IT/ITES Associate,,
189,235,active,2024-11-11,,,IT/ITES Helper (low-relevance role),,
190,236,ended,2024-10-17,2025-10-12,5.0,IT/ITES Associate,low_wage,Left due to low wage relative to workload
191,237,active,2024-11-08,,,IT/ITES Associate,,
192,238,active,2024-12-11,,,IT/ITES Associate,,
193,239,active,2024-12-11,,2.0,IT/ITES Associate,,
194,240,ended,2024-11-22,2025-02-20,6.0,IT/ITES Associate,location_mismatch,Commute / relocation issues
195,241,active,2024-10-28,,3.0,IT/ITES Associate,,
196,242,active,2024-10-12,,5.0,IT/ITES Associate,,
197,243,active,2024-11-28,,,IT/ITES Associate,,
198,244,active,2024-11-27,,3.0,IT/ITES Associate,,
199,245,ended,2024-11-18,2025-11-13,5.0,IT/ITES Associate,location_mismatch,Commute / relocation issues
200,246,active,2024-11-10,,1.0,IT/ITES Associate,,
201,249,active,2024-11-28,,2.0,IT/ITES Associate,,
202,250,ended,2024-07-24,2025-01-20,6.0,IT/ITES Associate,skill_mismatch,Job did not match trained skillset
203,251,active,2024-06-30,,6.0,IT/ITES Helper (low-relevance role),,
204,254,active,2024-06-22,,3.0,IT/ITES Helper (low-relevance role),,
205,256,active,2024-06-01,,6.0,IT/ITES Associate,,
206,257,active,2024-07-06,,4.0,IT/ITES Helper (low-relevance role),,
207,258,active,2024-07-20,,4.0,IT/ITES Associate,,
208,259,ended,2024-05-20,2024-08-18,3.0,IT/ITES Associate,low_wage,Left due to low wage relative to workload
209,260,active,2024-05-27,,1.0,IT/ITES Associate,,
210,261,active,2024-06-20,,,IT/ITES Associate,,
211,262,active,2024-05-28,,6.0,IT/ITES Associate,,
212,263,active,2024-06-01,,2.0,IT/ITES Associate,,
213,264,active,2024-07-23,,,IT/ITES Associate,,
214,265,active,2024-06-29,,5.0,IT/ITES Associate,,
215,266,active,2024-07-08,,,IT/ITES Helper (low-relevance role),,
216,267,active,2024-07-05,,5.0,IT/ITES Associate,,
217,268,active,2024-07-13,,6.0,IT/ITES Associate,,
218,269,ended,2024-07-13,2025-07-08,3.0,IT/ITES Helper (low-relevance role),skill_mismatch,Job did not match trained skillset
219,271,active,2024-06-24,,,IT/ITES Associate,,
220,274,active,2024-05-30,,,IT/ITES Associate,,
221,275,active,2024-06-04,,1.0,IT/ITES Helper (low-relevance role),,
222,276,active,2024-06-17,,,IT/ITES Associate,,
223,277,active,2024-07-21,,1.0,IT/ITES Associate,,
224,278,active,2024-07-14,,1.0,IT/ITES Associate,,
225,280,active,2024-07-09,,5.0,IT/ITES Helper (low-relevance role),,
226,281,active,2024-05-20,,4.0,IT/ITES Associate,,
227,282,active,2024-05-27,,4.0,IT/ITES Associate,,
228,283,active,2024-05-24,,1.0,IT/ITES Associate,,
229,284,active,2024-07-19,,3.0,IT/ITES Associate,,
230,286,ended,2024-05-20,2024-08-18,1.0,IT/ITES Associate,family_reasons,Family circumstances changed
231,287,ended,2024-07-11,2025-07-06,6.0,IT/ITES Associate,family_reasons,Family circumstances changed
232,288,active,2024-07-04,,,IT/ITES Associate,,
233,290,active,2024-07-07,,6.0,IT/ITES Associate,,
234,291,active,2024-06-04,,2.0,IT/ITES Associate,,
235,293,active,2024-05-28,,1.0,IT/ITES Associate,,
236,294,active,2024-07-01,,3.0,IT/ITES Associate,,
237,295,active,2024-05-22,,2.0,IT/ITES Associate,,
238,296,active,2024-06-04,,6.0,IT/ITES Associate,,
239,297,active,2024-07-02,,,IT/ITES Associate,,
240,300,active,2024-07-06,,1.0,IT/ITES Associate,,
241,301,active,2024-07-02,,3.0,IT/ITES Associate,,
242,303,ended,2024-06-19,2024-09-17,1.0,IT/ITES Associate,better_opportunity,Moved to a better opportunity
243,306,active,2024-06-17,,3.0,IT/ITES Helper (low-relevance role),,
244,308,active,2024-07-22,,2.0,IT/ITES Associate,,
245,309,active,2024-07-09,,3.0,IT/ITES Associate,,
246,310,ended,2024-07-10,2024-10-08,6.0,IT/ITES Associate,location_mismatch,Commute / relocation issues
247,311,active,2024-06-12,,,IT/ITES Associate,,
248,312,active,2024-05-17,,,IT/ITES Associate,,
249,313,ended,2024-05-18,2024-11-14,5.0,IT/ITES Associate,location_mismatch,Commute / relocation issues
250,315,active,2025-01-24,,1.0,IT/ITES Helper (low-relevance role),,
251,316,active,2025-01-23,,6.0,IT/ITES Associate,,
252,317,active,2025-02-07,,5.0,IT/ITES Associate,,
253,318,active,2025-03-24,,1.0,IT/ITES Associate,,
254,319,active,2025-01-25,,3.0,IT/ITES Associate,,
255,320,active,2025-02-13,,2.0,IT/ITES Helper (low-relevance role),,
256,321,ended,2025-03-26,2025-09-22,4.0,IT/ITES Associate,low_wage,Left due to low wage relative to workload
257,322,active,2025-02-21,,,IT/ITES Associate,,
258,323,active,2025-03-30,,1.0,IT/ITES Associate,,
259,324,ended,2025-03-27,2026-03-22,2.0,IT/ITES Helper (low-relevance role),better_opportunity,Moved to a better opportunity
260,325,active,2025-02-27,,,IT/ITES Associate,,
261,326,active,2025-03-23,,,IT/ITES Associate,,
262,328,active,2025-03-18,,2.0,IT/ITES Associate,,
263,329,active,2025-02-24,,2.0,IT/ITES Associate,,
264,330,active,2025-03-02,,2.0,IT/ITES Associate,,
265,332,active,2025-02-14,,4.0,IT/ITES Associate,,
266,333,active,2025-01-21,,2.0,IT/ITES Associate,,
267,334,active,2025-03-01,,6.0,IT/ITES Associate,,
268,335,active,2025-02-14,,3.0,IT/ITES Helper (low-relevance role),,
269,336,active,2025-02-17,,,IT/ITES Associate,,
270,337,active,2025-02-11,,4.0,IT/ITES Associate,,
271,338,active,2025-02-28,,4.0,IT/ITES Helper (low-relevance role),,
272,340,active,2025-03-10,,,IT/ITES Associate,,
273,341,active,2025-02-21,,,IT/ITES Associate,,
274,342,active,2025-02-14,,,IT/ITES Helper (low-relevance role),,
275,343,active,2025-01-25,,1.0,IT/ITES Associate,,
276,344,active,2025-03-08,,,IT/ITES Helper (low-relevance role),,
277,345,active,2025-03-25,,5.0,IT/ITES Associate,,
278,346,active,2025-03-29,,,IT/ITES Associate,,
279,347,active,2025-02-05,,3.0,IT/ITES Helper (low-relevance role),,
280,348,active,2025-01-24,,,IT/ITES Associate,,
281,349,active,2025-03-05,,,IT/ITES Helper (low-relevance role),,
282,350,active,2025-02-02,,6.0,IT/ITES Associate,,
283,351,active,2025-03-09,,6.0,IT/ITES Associate,,
284,352,active,2025-02-27,,4.0,IT/ITES Associate,,
285,353,active,2025-01-30,,1.0,IT/ITES Associate,,
286,354,active,2025-02-27,,2.0,IT/ITES Associate,,
287,355,active,2025-03-26,,6.0,IT/ITES Associate,,
288,356,active,2025-02-11,,1.0,IT/ITES Helper (low-relevance role),,
289,357,active,2025-02-07,,,IT/ITES Helper (low-relevance role),,
290,358,active,2025-02-10,,1.0,IT/ITES Associate,,
291,362,ended,2025-02-28,2025-05-29,2.0,IT/ITES Associate,better_opportunity,Moved to a better opportunity
292,363,active,2025-01-20,,4.0,IT/ITES Helper (low-relevance role),,
293,364,active,2025-02-23,,4.0,IT/ITES Associate,,
294,365,active,2025-03-04,,,IT/ITES Associate,,
295,367,active,2025-03-15,,2.0,IT/ITES Associate,,
296,369,active,2025-02-05,,,IT/ITES Associate,,
297,370,active,2025-03-14,,2.0,IT/ITES Associate,,
298,371,active,2025-03-12,,,IT/ITES Associate,,
299,373,active,2025-03-08,,6.0,IT/ITES Helper (low-relevance role),,
300,374,active,2025-03-17,,2.0,IT/ITES Associate,,
301,375,ended,2025-01-29,2025-04-29,2.0,IT/ITES Helper (low-relevance role),low_wage,Left due to low wage relative to workload
302,377,ended,2025-03-17,2026-03-12,,IT/ITES Associate,low_wage,Left due to low wage relative to workload
303,379,active,2025-02-04,,3.0,IT/ITES Helper (low-relevance role),,
304,381,active,2025-01-11,,8.0,Healthcare Support Helper (low-relevance role),,
305,382,active,2024-12-30,,8.0,Healthcare Support Helper (low-relevance role),,
306,383,ended,2024-12-13,2025-12-08,,Healthcare Support Associate,low_wage,Left due to low wage relative to workload
307,386,active,2025-01-12,,8.0,Healthcare Support Associate,,
308,387,active,2024-12-23,,7.0,Healthcare Support Associate,,
309,388,active,2025-01-26,,12.0,Healthcare Support Helper (low-relevance role),,
310,392,active,2024-12-28,,7.0,Healthcare Support Helper (low-relevance role),,
311,393,active,2024-11-28,,12.0,Healthcare Support Helper (low-relevance role),,
312,394,ended,2024-12-20,2025-06-18,10.0,Healthcare Support Helper (low-relevance role),better_opportunity,Moved to a better opportunity
313,398,active,2025-01-17,,,Healthcare Support Helper (low-relevance role),,
314,403,active,2024-12-07,,,Healthcare Support Associate,,
315,408,active,2025-01-11,,12.0,Healthcare Support Associate,,
316,409,active,2024-12-12,,11.0,Healthcare Support Associate,,
317,410,active,2024-12-08,,11.0,Healthcare Support Associate,,
318,411,active,2024-12-08,,,Healthcare Support Associate,,
319,413,active,2025-01-17,,,Healthcare Support Helper (low-relevance role),,
320,414,active,2025-01-19,,7.0,Healthcare Support Associate,,
321,415,active,2025-01-03,,10.0,Healthcare Support Associate,,
322,416,ended,2024-12-23,2025-12-18,10.0,Healthcare Support Helper (low-relevance role),low_wage,Left due to low wage relative to workload
323,417,active,2024-11-29,,11.0,Healthcare Support Helper (low-relevance role),,
324,418,active,2024-12-26,,7.0,Healthcare Support Helper (low-relevance role),,
325,420,active,2024-12-02,,8.0,Healthcare Support Helper (low-relevance role),,
326,421,ended,2024-12-17,2025-03-17,,Healthcare Support Helper (low-relevance role),location_mismatch,Commute / relocation issues
327,422,active,2025-01-17,,11.0,Healthcare Support Associate,,
328,425,active,2025-01-23,,12.0,Healthcare Support Associate,,
329,426,active,2024-12-30,,,Healthcare Support Associate,,
330,427,active,2024-12-11,,8.0,Healthcare Support Associate,,
331,428,active,2025-01-05,,12.0,Healthcare Support Associate,,
332,429,active,2025-01-17,,7.0,Healthcare Support Associate,,
333,430,active,2024-12-15,,9.0,Healthcare Support Associate,,
334,431,active,2025-01-15,,7.0,Healthcare Support Associate,,
335,433,active,2024-12-21,,8.0,Healthcare Support Associate,,
336,437,active,2024-12-11,,10.0,Healthcare Support Helper (low-relevance role),,
337,438,active,2025-01-05,,,Healthcare Support Associate,,
338,439,active,2024-12-23,,12.0,Healthcare Support Associate,,
339,440,active,2025-01-17,,8.0,Healthcare Support Associate,,
340,443,active,2025-05-08,,7.0,Healthcare Support Helper (low-relevance role),,
341,445,active,2025-04-30,,,Healthcare Support Associate,,
342,446,active,2025-05-09,,10.0,Healthcare Support Helper (low-relevance role),,
343,447,active,2025-06-02,,7.0,Healthcare Support Associate,,
344,449,active,2025-06-01,,8.0,Healthcare Support Associate,,
345,450,active,2025-06-17,,8.0,Healthcare Support Helper (low-relevance role),,
346,452,active,2025-06-21,,10.0,Healthcare Support Associate,,
347,453,ended,2025-06-23,2025-09-21,9.0,Healthcare Support Helper (low-relevance role),low_wage,Left due to low wage relative to workload
348,454,active,2025-05-16,,7.0,Healthcare Support Helper (low-relevance role),,
349,455,ended,2025-06-15,2026-06-10,12.0,Healthcare Support Associate,skill_mismatch,Job did not match trained skillset
350,456,active,2025-05-12,,,Healthcare Support Associate,,
351,457,active,2025-06-14,,12.0,Healthcare Support Associate,,
352,458,active,2025-05-18,,10.0,Healthcare Support Associate,,
353,459,active,2025-06-05,,9.0,Healthcare Support Helper (low-relevance role),,
354,460,active,2025-05-28,,12.0,Healthcare Support Associate,,
355,461,ended,2025-05-29,2025-11-25,8.0,Healthcare Support Associate,better_opportunity,Moved to a better opportunity
356,464,active,2025-06-07,,,Healthcare Support Associate,,
357,465,active,2025-05-12,,10.0,Healthcare Support Helper (low-relevance role),,
358,467,active,2025-06-15,,9.0,Healthcare Support Associate,,
359,468,ended,2025-05-21,2026-05-16,10.0,Healthcare Support Helper (low-relevance role),location_mismatch,Commute / relocation issues
360,469,active,2025-06-30,,8.0,Healthcare Support Helper (low-relevance role),,
361,470,active,2025-06-15,,,Healthcare Support Associate,,
362,471,active,2025-06-30,,9.0,Healthcare Support Helper (low-relevance role),,
363,472,ended,2025-06-22,2025-12-19,10.0,Healthcare Support Associate,family_reasons,Family circumstances changed
364,473,active,2025-05-03,,11.0,Healthcare Support Associate,,
365,474,active,2025-05-11,,,Healthcare Support Helper (low-relevance role),,
366,475,active,2025-05-01,,8.0,Healthcare Support Helper (low-relevance role),,
367,476,ended,2025-06-11,2025-12-08,,Healthcare Support Associate,low_wage,Left due to low wage relative to workload
368,477,ended,2025-06-12,2025-09-10,11.0,Healthcare Support Helper (low-relevance role),skill_mismatch,Job did not match trained skillset
369,481,ended,2025-05-25,2025-11-21,7.0,Healthcare Support Associate,low_wage,Left due to low wage relative to workload
370,482,active,2025-06-02,,7.0,Healthcare Support Associate,,
371,483,active,2025-06-14,,11.0,Healthcare Support Associate,,
372,485,active,2025-05-17,,8.0,Healthcare Support Associate,,
373,486,ended,2025-05-29,2025-08-27,,Healthcare Support Associate,low_wage,Left due to low wage relative to workload
374,487,active,2025-05-06,,12.0,Healthcare Support Associate,,
375,488,ended,2025-05-31,2025-08-29,,Healthcare Support Associate,skill_mismatch,Job did not match trained skillset
376,491,active,2025-05-12,,,Healthcare Support Associate,,
377,493,active,2025-06-12,,,Healthcare Support Helper (low-relevance role),,
378,495,active,2025-06-13,,12.0,Healthcare Support Associate,,
379,497,ended,2025-06-09,2025-09-07,,Healthcare Support Associate,location_mismatch,Commute / relocation issues
380,498,ended,2025-06-25,2026-06-20,,Healthcare Support Helper (low-relevance role),skill_mismatch,Job did not match trained skillset
381,499,ended,2025-05-25,2025-11-21,8.0,Healthcare Support Associate,skill_mismatch,Job did not match trained skillset
382,500,ended,2025-05-29,2026-05-24,12.0,Healthcare Support Associate,low_wage,Left due to low wage relative to workload
383,501,active,2025-06-05,,7.0,Healthcare Support Helper (low-relevance role),,
384,503,active,2025-07-21,,8.0,Healthcare Support Helper (low-relevance role),,
385,506,active,2025-07-17,,11.0,Healthcare Support Helper (low-relevance role),,
386,509,active,2025-08-28,,12.0,Healthcare Support Associate,,
387,510,active,2025-07-21,,11.0,Healthcare Support Helper (low-relevance role),,
388,511,active,2025-07-24,,7.0,Healthcare Support Associate,,
389,512,ended,2025-08-27,2026-08-22,11.0,Healthcare Support Helper (low-relevance role),low_wage,Left due to low wage relative to workload
390,513,ended,2025-09-03,2026-08-29,10.0,Healthcare Support Associate,skill_mismatch,Job did not match trained skillset
391,514,ended,2025-09-03,2026-08-29,,Healthcare Support Associate,better_opportunity,Moved to a better opportunity
392,515,ended,2025-09-07,2026-03-06,11.0,Healthcare Support Helper (low-relevance role),family_reasons,Family circumstances changed
393,516,ended,2025-08-07,2025-11-05,,Healthcare Support Associate,better_opportunity,Moved to a better opportunity
394,517,active,2025-07-30,,,Healthcare Support Associate,,
395,522,active,2025-09-09,,8.0,Healthcare Support Helper (low-relevance role),,
396,523,active,2025-07-16,,,Healthcare Support Helper (low-relevance role),,
397,524,active,2025-08-18,,9.0,Healthcare Support Helper (low-relevance role),,
398,526,active,2025-09-13,,7.0,Healthcare Support Helper (low-relevance role),,
399,527,active,2025-07-09,,10.0,Healthcare Support Associate,,
400,530,active,2025-09-01,,7.0,Healthcare Support Helper (low-relevance role),,
401,531,active,2025-09-03,,7.0,Healthcare Support Helper (low-relevance role),,
402,532,ended,2025-07-11,2026-07-06,10.0,Healthcare Support Associate,low_wage,Left due to low wage relative to workload
403,533,active,2025-07-28,,11.0,Healthcare Support Associate,,
404,534,active,2025-08-01,,11.0,Healthcare Support Associate,,
405,536,active,2025-08-11,,7.0,Healthcare Support Associate,,
406,537,active,2025-09-09,,7.0,Healthcare Support Associate,,
407,538,active,2025-08-04,,,Healthcare Support Associate,,
408,539,active,2025-07-24,,10.0,Healthcare Support Associate,,
409,541,active,2025-08-19,,,Healthcare Support Associate,,
410,543,active,2025-09-07,,12.0,Healthcare Support Associate,,
411,544,active,2025-09-03,,10.0,Healthcare Support Helper (low-relevance role),,
412,545,active,2025-08-09,,,Healthcare Support Associate,,
413,546,active,2025-09-07,,,Healthcare Support Associate,,
414,548,active,2025-08-11,,,Healthcare Support Helper (low-relevance role),,
415,552,active,2025-09-04,,8.0,Healthcare Support Associate,,
416,553,active,2025-08-14,,12.0,Healthcare Support Helper (low-relevance role),,
417,554,active,2025-08-25,,10.0,Healthcare Support Helper (low-relevance role),,
418,555,active,2025-08-23,,7.0,Healthcare Support Associate,,
419,558,active,2025-07-26,,8.0,Healthcare Support Associate,,
420,559,active,2025-09-11,,11.0,Healthcare Support Helper (low-relevance role),,
421,561,active,2025-07-29,,11.0,Healthcare Support Helper (low-relevance role),,
422,562,active,2025-07-08,,8.0,Healthcare Support Helper (low-relevance role),,
423,565,active,2025-07-28,,9.0,Healthcare Support Associate,,
424,566,ended,2025-07-15,2025-10-13,7.0,Healthcare Support Helper (low-relevance role),workplace_issues,Workplace conditions / employer issues
425,568,active,2024-10-06,,8.0,Healthcare Support Helper (low-relevance role),,
426,569,active,2024-11-11,,7.0,Healthcare Support Associate,,
427,570,active,2024-10-11,,11.0,Healthcare Support Associate,,
428,571,active,2024-11-08,,11.0,Healthcare Support Helper (low-relevance role),,
429,572,active,2024-09-28,,8.0,Healthcare Support Associate,,
430,573,active,2024-11-08,,9.0,Healthcare Support Helper (low-relevance role),,
431,574,active,2024-10-28,,7.0,Healthcare Support Associate,,
432,575,active,2024-10-22,,10.0,Healthcare Support Associate,,
433,576,active,2024-10-16,,,Healthcare Support Associate,,
434,577,ended,2024-09-23,2024-12-22,8.0,Healthcare Support Helper (low-relevance role),skill_mismatch,Job did not match trained skillset
435,578,active,2024-11-14,,,Healthcare Support Helper (low-relevance role),,
436,579,active,2024-10-09,,9.0,Healthcare Support Associate,,
437,581,active,2024-10-29,,,Healthcare Support Helper (low-relevance role),,
438,583,active,2024-10-01,,10.0,Healthcare Support Associate,,
439,584,active,2024-10-25,,8.0,Healthcare Support Helper (low-relevance role),,
440,585,active,2024-10-11,,9.0,Healthcare Support Helper (low-relevance role),,
441,586,active,2024-11-11,,7.0,Healthcare Support Associate,,
442,588,ended,2024-11-04,2025-10-30,12.0,Healthcare Support Associate,low_wage,Left due to low wage relative to workload
443,589,ended,2024-10-23,2025-01-21,10.0,Healthcare Support Helper (low-relevance role),skill_mismatch,Job did not match trained skillset
444,591,active,2024-11-04,,11.0,Healthcare Support Helper (low-relevance role),,
445,593,active,2024-09-22,,9.0,Healthcare Support Associate,,
446,594,active,2024-10-07,,8.0,Healthcare Support Associate,,
447,595,ended,2024-11-13,2025-11-08,,Healthcare Support Helper (low-relevance role),low_wage,Left due to low wage relative to workload
448,597,active,2024-10-12,,12.0,Healthcare Support Associate,,
449,602,active,2024-09-30,,9.0,Healthcare Support Associate,,
450,604,active,2024-11-21,,9.0,Healthcare Support Associate,,
451,608,active,2024-09-17,,12.0,Healthcare Support Associate,,
452,610,active,2024-11-08,,12.0,Healthcare Support Associate,,
453,612,active,2024-09-12,,8.0,Healthcare Support Helper (low-relevance role),,
454,613,active,2024-10-29,,12.0,Healthcare Support Helper (low-relevance role),,
455,615,active,2024-09-13,,,Healthcare Support Associate,,
456,617,active,2024-11-06,,7.0,Healthcare Support Associate,,
457,621,active,2024-09-20,,12.0,Healthcare Support Associate,,
458,622,active,2024-10-04,,11.0,Healthcare Support Helper (low-relevance role),,
459,623,active,2024-11-13,,12.0,Healthcare Support Associate,,
460,624,active,2024-11-21,,9.0,Healthcare Support Associate,,
461,626,active,2024-10-31,,8.0,Healthcare Support Associate,,
462,627,ended,2025-04-26,2025-07-25,15.0,Retail Helper (low-relevance role),skill_mismatch,Job did not match trained skillset
463,628,ended,2025-05-28,2025-11-24,15.0,Retail Associate,low_wage,Left due to low wage relative to workload
464,630,active,2025-04-19,,,Retail Associate,,
465,631,active,2025-05-17,,13.0,Retail Helper (low-relevance role),,
466,632,active,2025-05-26,,17.0,Retail Associate,,
467,633,ended,2025-05-29,2026-05-24,15.0,Retail Helper (low-relevance role),low_wage,Left due to low wage relative to workload
468,635,active,2025-05-16,,16.0,Retail Helper (low-relevance role),,
469,636,active,2025-05-14,,15.0,Retail Associate,,
470,637,ended,2025-04-14,2025-07-13,13.0,Retail Associate,low_wage,Left due to low wage relative to workload
471,639,ended,2025-05-09,2025-11-05,18.0,Retail Associate,skill_mismatch,Job did not match trained skillset
472,641,active,2025-04-17,,14.0,Retail Associate,,
473,642,active,2025-04-09,,,Retail Associate,,
474,645,active,2025-06-01,,,Retail Associate,,
475,646,active,2025-04-15,,13.0,Retail Associate,,
476,647,active,2025-05-16,,15.0,Retail Helper (low-relevance role),,
477,648,active,2025-05-30,,17.0,Retail Associate,,
478,651,active,2025-04-29,,17.0,Retail Helper (low-relevance role),,
479,653,active,2025-04-28,,15.0,Retail Helper (low-relevance role),,
480,655,active,2025-06-05,,14.0,Retail Helper (low-relevance role),,
481,658,active,2025-04-01,,13.0,Retail Helper (low-relevance role),,
482,659,active,2025-04-12,,,Retail Helper (low-relevance role),,
483,660,active,2025-05-08,,15.0,Retail Helper (low-relevance role),,
484,661,active,2025-05-06,,13.0,Retail Associate,,
485,666,active,2025-04-12,,,Retail Helper (low-relevance role),,
486,669,ended,2025-04-15,2026-04-10,18.0,Retail Helper (low-relevance role),better_opportunity,Moved to a better opportunity
487,670,active,2025-05-21,,14.0,Retail Associate,,
488,671,active,2025-05-01,,,Retail Helper (low-relevance role),,
489,672,active,2025-05-28,,13.0,Retail Helper (low-relevance role),,
490,673,active,2025-04-10,,,Retail Helper (low-relevance role),,
491,676,active,2025-05-24,,15.0,Retail Associate,,
492,677,active,2025-05-13,,14.0,Retail Helper (low-relevance role),,
493,678,active,2025-05-09,,,Retail Associate,,
494,681,active,2025-06-05,,,Retail Associate,,
495,682,active,2025-03-31,,15.0,Retail Helper (low-relevance role),,
496,683,active,2025-05-31,,,Retail Associate,,
497,684,active,2025-03-28,,13.0,Retail Helper (low-relevance role),,
498,685,ended,2025-05-27,2026-05-22,,Retail Helper (low-relevance role),low_wage,Left due to low wage relative to workload
499,686,active,2025-04-30,,13.0,Retail Helper (low-relevance role),,
500,687,active,2025-04-13,,18.0,Retail Helper (low-relevance role),,
501,688,active,2025-03-30,,18.0,Retail Helper (low-relevance role),,
502,689,active,2025-01-01,,,Retail Associate,,
503,690,active,2025-03-01,,14.0,Retail Associate,,
504,691,ended,2025-01-10,2025-04-10,,Retail Helper (low-relevance role),family_reasons,Family circumstances changed
505,694,active,2024-12-31,,15.0,Retail Helper (low-relevance role),,
506,695,active,2025-01-27,,15.0,Retail Associate,,
507,697,active,2025-01-20,,17.0,Retail Associate,,
508,698,active,2025-01-14,,,Retail Helper (low-relevance role),,
509,700,active,2025-02-03,,,Retail Helper (low-relevance role),,
510,701,ended,2025-02-21,2025-08-20,,Retail Helper (low-relevance role),location_mismatch,Commute / relocation issues
511,703,active,2025-02-02,,,Retail Helper (low-relevance role),,
512,705,active,2025-01-09,,,Retail Associate,,
513,708,active,2025-02-07,,18.0,Retail Associate,,
514,709,ended,2025-02-26,2025-08-25,16.0,Retail Associate,workplace_issues,Workplace conditions / employer issues
515,711,active,2025-02-25,,13.0,Retail Associate,,
516,713,active,2025-02-21,,,Retail Helper (low-relevance role),,
517,714,active,2025-03-07,,14.0,Retail Helper (low-relevance role),,
518,716,active,2025-02-17,,13.0,Retail Associate,,
519,717,active,2025-01-19,,18.0,Retail Associate,,
520,720,active,2025-02-22,,13.0,Retail Associate,,
521,721,ended,2025-01-13,2025-04-13,14.0,Retail Helper (low-relevance role),family_reasons,Family circumstances changed
522,723,active,2025-03-07,,15.0,Retail Associate,,
523,724,active,2025-02-07,,,Retail Helper (low-relevance role),,
524,728,active,2025-02-08,,,Retail Helper (low-relevance role),,
525,729,ended,2025-01-10,2026-01-05,14.0,Retail Associate,location_mismatch,Commute / relocation issues
526,731,active,2025-03-06,,,Retail Helper (low-relevance role),,
527,732,active,2024-12-28,,14.0,Retail Helper (low-relevance role),,
528,733,active,2025-02-15,,17.0,Retail Helper (low-relevance role),,
529,734,active,2025-01-14,,13.0,Retail Helper (low-relevance role),,
530,735,active,2025-02-10,,,Retail Associate,,
531,738,active,2025-02-18,,18.0,Retail Associate,,
532,740,active,2025-03-01,,,Retail Helper (low-relevance role),,
533,744,active,2025-02-13,,14.0,Retail Helper (low-relevance role),,
534,745,active,2025-02-10,,13.0,Retail Helper (low-relevance role),,
535,747,active,2025-01-17,,14.0,Retail Associate,,
536,749,ended,2025-02-04,2026-01-30,,Retail Helper (low-relevance role),family_reasons,Family circumstances changed
537,752,active,2025-02-01,,14.0,Retail Helper (low-relevance role),,
538,753,active,2024-10-12,,13.0,Retail Helper (low-relevance role),,
539,754,active,2024-09-29,,15.0,Retail Helper (low-relevance role),,
540,756,active,2024-11-29,,13.0,Retail Helper (low-relevance role),,
541,757,active,2024-10-27,,13.0,Retail Helper (low-relevance role),,
542,759,active,2024-11-27,,13.0,Retail Helper (low-relevance role),,
543,760,active,2024-10-24,,18.0,Retail Helper (low-relevance role),,
544,763,ended,2024-11-22,2025-11-17,13.0,Retail Helper (low-relevance role),better_opportunity,Moved to a better opportunity
545,766,active,2024-11-28,,13.0,Retail Helper (low-relevance role),,
546,767,active,2024-11-29,,13.0,Retail Associate,,
547,768,ended,2024-10-25,2025-04-23,,Retail Associate,low_wage,Left due to low wage relative to workload
548,769,active,2024-10-13,,14.0,Retail Helper (low-relevance role),,
549,770,active,2024-10-25,,13.0,Retail Associate,,
550,772,active,2024-11-14,,13.0,Retail Helper (low-relevance role),,
551,773,active,2024-11-11,,13.0,Retail Helper (low-relevance role),,
552,774,ended,2024-09-26,2024-12-25,17.0,Retail Helper (low-relevance role),low_wage,Left due to low wage relative to workload
553,777,ended,2024-09-27,2025-03-26,15.0,Retail Associate,low_wage,Left due to low wage relative to workload
554,778,active,2024-10-07,,,Retail Associate,,
555,779,active,2024-09-22,,14.0,Retail Associate,,
556,780,ended,2024-10-28,2025-01-26,18.0,Retail Helper (low-relevance role),family_reasons,Family circumstances changed
557,782,ended,2024-10-13,2025-01-11,13.0,Retail Helper (low-relevance role),better_opportunity,Moved to a better opportunity
558,783,active,2024-10-13,,,Retail Associate,,
559,785,active,2024-10-12,,18.0,Retail Helper (low-relevance role),,
560,786,active,2024-10-16,,,Retail Helper (low-relevance role),,
561,787,active,2024-11-28,,14.0,Retail Helper (low-relevance role),,
562,788,active,2024-09-22,,15.0,Retail Associate,,
563,790,ended,2024-11-25,2025-11-20,17.0,Retail Helper (low-relevance role),better_opportunity,Moved to a better opportunity
564,791,active,2024-10-19,,17.0,Retail Helper (low-relevance role),,
565,792,active,2024-10-05,,13.0,Retail Associate,,
566,793,active,2024-11-30,,,Retail Helper (low-relevance role),,
567,795,active,2024-11-15,,,Retail Helper (low-relevance role),,
568,797,active,2024-11-11,,18.0,Retail Associate,,
569,798,active,2024-10-07,,13.0,Retail Helper (low-relevance role),,
570,800,active,2024-10-03,,13.0,Retail Helper (low-relevance role),,
571,803,active,2024-10-26,,14.0,Retail Associate,,
572,806,active,2024-10-31,,16.0,Retail Helper (low-relevance role),,
573,808,active,2024-09-30,,18.0,Retail Associate,,
574,809,ended,2024-10-31,2025-01-29,14.0,Retail Helper (low-relevance role),better_opportunity,Moved to a better opportunity
575,810,active,2024-09-22,,14.0,Retail Helper (low-relevance role),,
576,811,active,2024-11-16,,,Retail Helper (low-relevance role),,
577,812,active,2024-10-11,,13.0,Retail Helper (low-relevance role),,
578,813,active,2024-11-06,,18.0,Retail Helper (low-relevance role),,
579,817,active,2024-12-06,,17.0,Retail Helper (low-relevance role),,
580,820,active,2024-12-21,,15.0,Retail Helper (low-relevance role),,
581,823,active,2025-01-28,,18.0,Retail Helper (low-relevance role),,
582,826,active,2025-02-07,,13.0,Retail Helper (low-relevance role),,
583,827,ended,2024-12-11,2025-03-11,15.0,Retail Helper (low-relevance role),skill_mismatch,Job did not match trained skillset
584,831,ended,2025-01-05,2025-12-31,,Retail Helper (low-relevance role),family_reasons,Family circumstances changed
585,832,ended,2024-12-21,2025-03-21,14.0,Retail Helper (low-relevance role),low_wage,Left due to low wage relative to workload
586,833,active,2025-01-09,,17.0,Retail Helper (low-relevance role),,
587,836,active,2025-02-01,,14.0,Retail Associate,,
588,839,active,2025-02-01,,15.0,Retail Associate,,
589,840,active,2025-01-25,,16.0,Retail Helper (low-relevance role),,
590,841,active,2025-02-11,,13.0,Retail Helper (low-relevance role),,
591,842,ended,2025-01-10,2025-07-09,13.0,Retail Associate,skill_mismatch,Job did not match trained skillset
592,843,active,2025-01-31,,17.0,Retail Associate,,
593,845,active,2024-12-05,,16.0,Retail Associate,,
594,847,active,2024-12-16,,,Retail Helper (low-relevance role),,
595,848,ended,2025-01-30,2026-01-25,,Retail Helper (low-relevance role),location_mismatch,Commute / relocation issues
596,849,active,2024-12-25,,17.0,Retail Associate,,
597,850,active,2025-02-04,,16.0,Retail Helper (low-relevance role),,
598,851,ended,2025-01-17,2025-04-17,17.0,Retail Associate,family_reasons,Family circumstances changed
599,852,active,2025-01-02,,,Retail Associate,,
600,853,active,2025-01-17,,,Retail Helper (low-relevance role),,
601,854,active,2025-01-05,,14.0,Retail Helper (low-relevance role),,
602,855,active,2025-02-10,,18.0,Retail Helper (low-relevance role),,
603,856,active,2025-01-18,,13.0,Retail Helper (low-relevance role),,
604,857,active,2025-01-31,,17.0,Retail Helper (low-relevance role),,
605,859,ended,2025-01-21,2025-07-20,18.0,Retail Helper (low-relevance role),location_mismatch,Commute / relocation issues
606,860,active,2025-01-05,,,Retail Helper (low-relevance role),,
607,861,active,2025-02-10,,13.0,Retail Associate,,
608,862,active,2025-01-12,,15.0,Retail Associate,,
609,863,active,2025-01-02,,,Retail Helper (low-relevance role),,
610,865,active,2025-02-12,,14.0,Retail Helper (low-relevance role),,
611,866,ended,2025-01-14,2025-04-14,18.0,Retail Helper (low-relevance role),better_opportunity,Moved to a better opportunity
612,867,active,2024-12-12,,15.0,Retail Associate,,
613,868,active,2025-01-30,,16.0,Retail Associate,,
614,869,ended,2024-12-10,2025-06-08,14.0,Retail Associate,better_opportunity,Moved to a better opportunity
615,871,active,2025-01-30,,17.0,Retail Associate,,
616,872,active,2024-12-15,,14.0,Retail Helper (low-relevance role),,
617,873,active,2025-01-06,,17.0,Retail Associate,,
618,875,active,2025-09-10,,21.0,Construction Associate,,
619,876,active,2025-08-05,,20.0,Construction Associate,,
620,877,active,2025-08-05,,24.0,Construction Associate,,
621,878,ended,2025-08-13,2026-08-08,19.0,Construction Helper (low-relevance role),family_reasons,Family circumstances changed
622,879,ended,2025-08-23,2026-02-19,22.0,Construction Associate,better_opportunity,Moved to a better opportunity
623,880,active,2025-09-03,,,Construction Helper (low-relevance role),,
624,881,active,2025-09-16,,21.0,Construction Associate,,
625,883,active,2025-07-16,,,Construction Helper (low-relevance role),,
626,884,active,2025-08-07,,20.0,Construction Helper (low-relevance role),,
627,886,active,2025-08-04,,24.0,Construction Associate,,
628,887,active,2025-09-13,,20.0,Construction Helper (low-relevance role),,
629,891,active,2025-08-23,,22.0,Construction Associate,,
630,892,ended,2025-08-28,2025-11-26,24.0,Construction Helper (low-relevance role),low_wage,Left due to low wage relative to workload
631,895,active,2025-08-09,,23.0,Construction Associate,,
632,896,active,2025-08-30,,23.0,Construction Helper (low-relevance role),,
633,898,active,2025-09-08,,21.0,Construction Helper (low-relevance role),,
634,900,active,2025-09-01,,21.0,Construction Helper (low-relevance role),,
635,902,active,2025-09-14,,,Construction Associate,,
636,903,active,2025-07-26,,23.0,Construction Helper (low-relevance role),,
637,905,active,2025-07-24,,,Construction Helper (low-relevance role),,
638,906,active,2025-08-26,,,Construction Helper (low-relevance role),,
639,909,active,2025-09-23,,19.0,Construction Helper (low-relevance role),,
640,910,active,2025-07-22,,23.0,Construction Associate,,
641,911,ended,2025-08-11,2025-11-09,21.0,Construction Helper (low-relevance role),family_reasons,Family circumstances changed
642,913,active,2025-08-06,,,Construction Associate,,
643,916,active,2025-09-21,,24.0,Construction Helper (low-relevance role),,
644,918,active,2025-09-09,,21.0,Construction Helper (low-relevance role),,
645,924,active,2025-08-11,,22.0,Construction Helper (low-relevance role),,
646,927,active,2025-07-18,,,Construction Helper (low-relevance role),,
647,930,ended,2025-07-18,2025-10-16,22.0,Construction Helper (low-relevance role),low_wage,Left due to low wage relative to workload
648,931,active,2025-07-24,,21.0,Construction Associate,,
649,932,active,2025-08-17,,,Construction Associate,,
650,933,active,2025-09-05,,23.0,Construction Helper (low-relevance role),,
651,934,ended,2025-08-25,2025-11-23,23.0,Construction Associate,better_opportunity,Moved to a better opportunity
652,935,active,2025-07-21,,,Construction Helper (low-relevance role),,
653,936,active,2025-08-23,,20.0,Construction Helper (low-relevance role),,
654,937,active,2025-08-08,,20.0,Construction Helper (low-relevance role),,
655,938,active,2025-08-25,,19.0,Construction Associate,,
656,939,ended,2025-01-29,2025-07-28,24.0,Construction Helper (low-relevance role),skill_mismatch,Job did not match trained skillset
657,941,ended,2025-03-08,2026-03-03,23.0,Construction Helper (low-relevance role),low_wage,Left due to low wage relative to workload
658,943,active,2025-02-18,,19.0,Construction Associate,,
659,944,active,2025-03-06,,23.0,Construction Helper (low-relevance role),,
660,945,active,2025-02-02,,20.0,Construction Associate,,
661,946,ended,2025-01-11,2025-04-11,23.0,Construction Helper (low-relevance role),health,Health-related reasons
662,947,active,2025-01-24,,21.0,Construction Helper (low-relevance role),,
663,949,active,2025-02-02,,19.0,Construction Helper (low-relevance role),,
664,951,active,2025-01-03,,,Construction Associate,,
665,952,active,2025-03-06,,19.0,Construction Helper (low-relevance role),,
666,953,active,2025-01-07,,20.0,Construction Helper (low-relevance role),,
667,954,active,2025-02-14,,,Construction Associate,,
668,957,active,2025-01-20,,19.0,Construction Associate,,
669,958,active,2025-01-25,,19.0,Construction Associate,,
670,959,ended,2025-02-22,2025-05-23,,Construction Associate,skill_mismatch,Job did not match trained skillset
671,960,active,2025-01-28,,21.0,Construction Associate,,
672,963,active,2025-01-05,,,Construction Helper (low-relevance role),,
673,964,active,2025-02-19,,,Construction Associate,,
674,966,active,2025-03-07,,24.0,Construction Helper (low-relevance role),,
675,968,active,2025-03-11,,24.0,Construction Associate,,
676,969,active,2025-01-14,,,Construction Associate,,
677,970,active,2025-02-28,,22.0,Construction Associate,,
678,971,active,2025-03-05,,21.0,Construction Helper (low-relevance role),,
679,973,active,2025-02-24,,23.0,Construction Helper (low-relevance role),,
680,976,active,2025-01-03,,19.0,Construction Associate,,
681,977,active,2025-01-20,,,Construction Associate,,
682,978,active,2025-01-09,,22.0,Construction Associate,,
683,979,active,2025-01-20,,,Construction Associate,,
684,982,active,2025-01-26,,21.0,Construction Helper (low-relevance role),,
685,986,active,2025-01-28,,19.0,Construction Helper (low-relevance role),,
686,987,active,2025-03-09,,19.0,Construction Associate,,
687,988,active,2025-02-08,,22.0,Construction Associate,,
688,991,active,2025-01-03,,,Construction Associate,,
689,993,active,2025-02-01,,,Construction Associate,,
690,998,active,2025-01-21,,20.0,Construction Helper (low-relevance role),,
691,1001,ended,2024-12-31,2025-12-26,22.0,Construction Helper (low-relevance role),family_reasons,Family circumstances changed
692,1002,active,2025-01-11,,22.0,Construction Associate,,
693,1003,active,2025-01-29,,21.0,Construction Helper (low-relevance role),,
694,1005,active,2024-11-13,,22.0,Construction Helper (low-relevance role),,
695,1006,active,2024-12-18,,22.0,Construction Associate,,
696,1011,active,2024-12-31,,,Construction Helper (low-relevance role),,
697,1013,active,2024-11-10,,,Construction Associate,,
698,1015,active,2024-11-19,,21.0,Construction Associate,,
699,1017,ended,2025-01-02,2025-04-02,23.0,Construction Helper (low-relevance role),location_mismatch,Commute / relocation issues
700,1019,ended,2024-12-08,2025-06-06,20.0,Construction Helper (low-relevance role),family_reasons,Family circumstances changed
701,1021,active,2024-12-01,,22.0,Construction Associate,,
702,1025,ended,2024-11-28,2025-05-27,23.0,Construction Helper (low-relevance role),low_wage,Left due to low wage relative to workload
703,1028,ended,2024-11-23,2025-02-21,23.0,Construction Helper (low-relevance role),low_wage,Left due to low wage relative to workload
704,1031,active,2024-11-27,,,Construction Helper (low-relevance role),,
705,1032,active,2024-12-18,,24.0,Construction Associate,,
706,1033,active,2024-12-31,,22.0,Construction Associate,,
707,1034,active,2024-11-25,,22.0,Construction Associate,,
708,1035,active,2024-11-10,,22.0,Construction Helper (low-relevance role),,
709,1036,active,2024-11-17,,23.0,Construction Associate,,
710,1037,ended,2024-11-26,2025-02-24,,Construction Helper (low-relevance role),workplace_issues,Workplace conditions / employer issues
711,1039,active,2024-12-10,,21.0,Construction Associate,,
712,1042,active,2024-12-17,,20.0,Construction Associate,,
713,1044,active,2024-12-24,,21.0,Construction Helper (low-relevance role),,
714,1045,active,2024-12-10,,23.0,Construction Helper (low-relevance role),,
715,1046,ended,2024-11-14,2025-02-12,24.0,Construction Associate,location_mismatch,Commute / relocation issues
716,1047,ended,2024-12-05,2025-11-30,23.0,Construction Associate,better_opportunity,Moved to a better opportunity
717,1048,active,2024-11-24,,24.0,Construction Associate,,
718,1050,active,2024-12-13,,22.0,Construction Helper (low-relevance role),,
719,1051,active,2024-12-28,,,Construction Associate,,
720,1052,ended,2024-12-29,2025-12-24,19.0,Construction Associate,low_wage,Left due to low wage relative to workload
721,1053,ended,2024-12-12,2025-12-07,19.0,Construction Helper (low-relevance role),better_opportunity,Moved to a better opportunity
722,1054,active,2024-11-14,,20.0,Construction Helper (low-relevance role),,
723,1055,ended,2024-12-27,2025-06-25,22.0,Construction Helper (low-relevance role),low_wage,Left due to low wage relative to workload
724,1057,ended,2024-11-20,2025-11-15,24.0,Construction Helper (low-relevance role),low_wage,Left due to low wage relative to workload
725,1059,active,2025-01-16,,23.0,Construction Associate,,
726,1060,active,2024-11-21,,19.0,Construction Associate,,
727,1063,active,2024-12-01,,20.0,Construction Associate,,
728,1064,active,2024-12-15,,22.0,Construction Associate,,
729,1065,active,2024-11-09,,,Construction Associate,,
730,1066,active,2024-06-12,,22.0,Construction Helper (low-relevance role),,
731,1069,active,2024-07-20,,,Construction Helper (low-relevance role),,
732,1070,active,2024-06-18,,19.0,Construction Helper (low-relevance role),,
733,1071,active,2024-07-26,,24.0,Construction Associate,,
734,1077,active,2024-06-01,,19.0,Construction Associate,,
735,1078,active,2024-07-19,,23.0,Construction Associate,,
736,1081,active,2024-05-27,,23.0,Construction Associate,,
737,1082,active,2024-07-07,,20.0,Construction Associate,,
738,1084,active,2024-06-26,,20.0,Construction Associate,,
739,1086,active,2024-07-04,,21.0,Construction Helper (low-relevance role),,
740,1088,active,2024-07-22,,19.0,Construction Associate,,
741,1089,active,2024-07-16,,23.0,Construction Helper (low-relevance role),,
742,1090,ended,2024-06-13,2025-06-08,23.0,Construction Associate,skill_mismatch,Job did not match trained skillset
743,1093,active,2024-06-23,,24.0,Construction Helper (low-relevance role),,
744,1094,ended,2024-06-04,2024-09-02,23.0,Construction Helper (low-relevance role),better_opportunity,Moved to a better opportunity
745,1096,active,2024-07-05,,20.0,Construction Helper (low-relevance role),,
746,1108,active,2024-07-18,,,Construction Helper (low-relevance role),,
747,1109,ended,2024-07-18,2025-01-14,20.0,Construction Helper (low-relevance role),low_wage,Left due to low wage relative to workload
748,1110,active,2024-06-01,,22.0,Construction Helper (low-relevance role),,
749,1111,active,2024-06-21,,,Construction Associate,,
750,1113,active,2024-06-22,,21.0,Construction Associate,,
751,1114,active,2024-07-20,,20.0,Construction Associate,,
752,1115,ended,2024-06-20,2024-09-18,,Construction Associate,low_wage,Left due to low wage relative to workload
753,1116,active,2024-06-07,,19.0,Construction Associate,,
754,1117,active,2024-07-13,,21.0,Construction Associate,,
755,1121,ended,2024-06-30,2025-06-25,20.0,Construction Helper (low-relevance role),skill_mismatch,Job did not match trained skillset
756,1123,active,2024-07-12,,,Construction Associate,,
757,1124,active,2024-07-18,,24.0,Construction Associate,,
758,1127,active,2024-06-18,,26.0,Hospitality Helper (low-relevance role),,
759,1132,active,2024-06-14,,26.0,Hospitality Helper (low-relevance role),,
760,1133,active,2024-06-02,,25.0,Hospitality Helper (low-relevance role),,
761,1134,active,2024-05-10,,25.0,Hospitality Associate,,
762,1143,active,2024-05-31,,30.0,Hospitality Helper (low-relevance role),,
763,1148,active,2024-06-21,,,Hospitality Helper (low-relevance role),,
764,1152,ended,2024-05-20,2024-08-18,27.0,Hospitality Helper (low-relevance role),low_wage,Left due to low wage relative to workload
765,1153,active,2024-05-04,,30.0,Hospitality Associate,,
766,1157,active,2024-05-17,,,Hospitality Helper (low-relevance role),,
767,1161,active,2024-07-06,,,Hospitality Helper (low-relevance role),,
768,1162,active,2024-06-21,,28.0,Hospitality Helper (low-relevance role),,
769,1163,ended,2024-06-13,2025-06-08,27.0,Hospitality Helper (low-relevance role),health,Health-related reasons
770,1165,active,2024-06-25,,26.0,Hospitality Helper (low-relevance role),,
771,1168,active,2024-06-01,,30.0,Hospitality Helper (low-relevance role),,
772,1169,active,2024-06-05,,,Hospitality Helper (low-relevance role),,
773,1170,active,2024-06-26,,26.0,Hospitality Associate,,
774,1173,active,2024-05-15,,30.0,Hospitality Helper (low-relevance role),,
775,1174,active,2024-06-06,,25.0,Hospitality Helper (low-relevance role),,
776,1175,active,2024-06-03,,30.0,Hospitality Helper (low-relevance role),,
777,1176,active,2024-05-29,,,Hospitality Helper (low-relevance role),,
778,1178,active,2024-06-23,,26.0,Hospitality Helper (low-relevance role),,
779,1180,active,2024-05-01,,30.0,Hospitality Helper (low-relevance role),,
780,1183,ended,2024-05-29,2025-05-24,28.0,Hospitality Helper (low-relevance role),better_opportunity,Moved to a better opportunity
781,1185,ended,2024-05-22,2024-08-20,29.0,Hospitality Associate,location_mismatch,Commute / relocation issues
782,1186,active,2024-05-28,,25.0,Hospitality Helper (low-relevance role),,
783,1187,active,2024-05-09,,26.0,Hospitality Helper (low-relevance role),,
784,1190,active,2025-07-07,,28.0,Hospitality Associate,,
785,1191,active,2025-07-09,,27.0,Hospitality Helper (low-relevance role),,
786,1193,ended,2025-07-08,2025-10-06,28.0,Hospitality Helper (low-relevance role),location_mismatch,Commute / relocation issues
787,1194,active,2025-06-04,,26.0,Hospitality Helper (low-relevance role),,
788,1195,active,2025-07-15,,,Hospitality Helper (low-relevance role),,
789,1196,active,2025-07-01,,30.0,Hospitality Helper (low-relevance role),,
790,1197,active,2025-05-23,,,Hospitality Associate,,
791,1198,active,2025-06-16,,26.0,Hospitality Associate,,
792,1199,active,2025-05-25,,26.0,Hospitality Associate,,
793,1201,active,2025-07-04,,25.0,Hospitality Helper (low-relevance role),,
794,1208,active,2025-05-26,,26.0,Hospitality Helper (low-relevance role),,
795,1210,active,2025-06-03,,26.0,Hospitality Associate,,
796,1211,active,2025-06-24,,26.0,Hospitality Helper (low-relevance role),,
797,1212,ended,2025-05-22,2026-05-17,26.0,Hospitality Helper (low-relevance role),family_reasons,Family circumstances changed
798,1215,active,2025-07-17,,30.0,Hospitality Helper (low-relevance role),,
799,1217,ended,2025-07-10,2025-10-08,29.0,Hospitality Helper (low-relevance role),better_opportunity,Moved to a better opportunity
800,1218,active,2025-06-15,,28.0,Hospitality Associate,,
801,1220,active,2025-07-19,,27.0,Hospitality Helper (low-relevance role),,
802,1224,active,2025-05-22,,25.0,Hospitality Helper (low-relevance role),,
803,1225,ended,2025-06-12,2025-12-09,,Hospitality Associate,health,Health-related reasons
804,1231,ended,2025-05-25,2026-05-20,26.0,Hospitality Helper (low-relevance role),low_wage,Left due to low wage relative to workload
805,1233,active,2025-05-23,,27.0,Hospitality Helper (low-relevance role),,
806,1235,ended,2025-06-01,2025-11-28,30.0,Hospitality Helper (low-relevance role),family_reasons,Family circumstances changed
807,1238,active,2025-05-28,,29.0,Hospitality Associate,,
808,1240,ended,2025-06-20,2025-12-17,30.0,Hospitality Helper (low-relevance role),better_opportunity,Moved to a better opportunity
809,1241,ended,2025-06-27,2025-09-25,30.0,Hospitality Helper (low-relevance role),low_wage,Left due to low wage relative to workload
810,1242,active,2025-06-01,,,Hospitality Helper (low-relevance role),,
811,1243,active,2025-06-04,,,Hospitality Helper (low-relevance role),,
812,1247,active,2025-05-24,,,Hospitality Helper (low-relevance role),,
813,1248,active,2025-07-04,,30.0,Hospitality Helper (low-relevance role),,
814,1249,active,2025-06-10,,26.0,Hospitality Associate,,
815,1253,ended,2024-07-23,2025-01-19,25.0,Hospitality Helper (low-relevance role),low_wage,Left due to low wage relative to workload
816,1255,active,2024-06-25,,27.0,Hospitality Helper (low-relevance role),,
817,1257,ended,2024-07-28,2025-07-23,,Hospitality Helper (low-relevance role),skill_mismatch,Job did not match trained skillset
818,1258,active,2024-06-29,,27.0,Hospitality Helper (low-relevance role),,
819,1261,active,2024-06-28,,30.0,Hospitality Helper (low-relevance role),,
820,1262,active,2024-07-02,,28.0,Hospitality Helper (low-relevance role),,
821,1264,ended,2024-06-29,2024-09-27,28.0,Hospitality Associate,workplace_issues,Workplace conditions / employer issues
822,1268,active,2024-07-14,,,Hospitality Helper (low-relevance role),,
823,1270,ended,2024-06-12,2024-09-10,25.0,Hospitality Helper (low-relevance role),family_reasons,Family circumstances changed
824,1272,active,2024-08-13,,,Hospitality Helper (low-relevance role),,
825,1274,active,2024-07-06,,27.0,Hospitality Helper (low-relevance role),,
826,1278,active,2024-07-26,,27.0,Hospitality Helper (low-relevance role),,
827,1280,active,2024-07-18,,30.0,Hospitality Helper (low-relevance role),,
828,1283,ended,2024-08-09,2025-02-05,,Hospitality Helper (low-relevance role),location_mismatch,Commute / relocation issues
829,1286,active,2024-07-29,,26.0,Hospitality Helper (low-relevance role),,
830,1289,active,2024-07-22,,,Hospitality Associate,,
831,1290,active,2024-06-07,,,Hospitality Associate,,
832,1291,ended,2024-07-12,2025-07-07,26.0,Hospitality Associate,family_reasons,Family circumstances changed
833,1293,active,2024-08-08,,27.0,Hospitality Helper (low-relevance role),,
834,1294,active,2024-07-22,,29.0,Hospitality Associate,,
835,1295,active,2024-07-14,,25.0,Hospitality Helper (low-relevance role),,
836,1297,active,2024-06-14,,27.0,Hospitality Helper (low-relevance role),,
837,1302,active,2024-08-12,,26.0,Hospitality Associate,,
838,1303,active,2024-07-26,,27.0,Hospitality Helper (low-relevance role),,
839,1304,active,2024-07-30,,,Hospitality Helper (low-relevance role),,
840,1307,ended,2024-06-21,2024-12-18,29.0,Hospitality Helper (low-relevance role),low_wage,Left due to low wage relative to workload
841,1308,active,2024-06-25,,,Hospitality Helper (low-relevance role),,
842,1309,ended,2024-06-10,2025-06-05,,Hospitality Helper (low-relevance role),better_opportunity,Moved to a better opportunity
843,1310,active,2024-07-17,,28.0,Hospitality Helper (low-relevance role),,
844,1313,active,2025-03-28,,29.0,Hospitality Associate,,
845,1319,active,2025-03-22,,28.0,Hospitality Helper (low-relevance role),,
846,1321,active,2025-03-02,,,Hospitality Helper (low-relevance role),,
847,1322,active,2025-03-03,,26.0,Hospitality Associate,,
848,1323,active,2025-02-28,,28.0,Hospitality Helper (low-relevance role),,
849,1325,active,2025-02-20,,30.0,Hospitality Helper (low-relevance role),,
850,1326,active,2025-03-21,,29.0,Hospitality Helper (low-relevance role),,
851,1327,ended,2025-04-25,2025-10-22,27.0,Hospitality Helper (low-relevance role),low_wage,Left due to low wage relative to workload
852,1329,active,2025-03-21,,25.0,Hospitality Helper (low-relevance role),,
853,1332,active,2025-04-18,,27.0,Hospitality Associate,,
854,1333,active,2025-03-20,,29.0,Hospitality Helper (low-relevance role),,
855,1335,ended,2025-02-20,2025-08-19,27.0,Hospitality Helper (low-relevance role),location_mismatch,Commute / relocation issues
856,1336,active,2025-03-21,,,Hospitality Helper (low-relevance role),,
857,1337,active,2025-04-03,,26.0,Hospitality Associate,,
858,1338,active,2025-03-16,,27.0,Hospitality Helper (low-relevance role),,
859,1339,ended,2025-04-21,2025-10-18,,Hospitality Helper (low-relevance role),better_opportunity,Moved to a better opportunity
860,1340,active,2025-02-24,,26.0,Hospitality Helper (low-relevance role),,
861,1342,active,2025-02-27,,29.0,Hospitality Helper (low-relevance role),,
862,1345,active,2025-04-06,,28.0,Hospitality Helper (low-relevance role),,
863,1348,ended,2025-02-25,2025-05-26,29.0,Hospitality Helper (low-relevance role),better_opportunity,Moved to a better opportunity
864,1351,active,2025-03-29,,25.0,Hospitality Helper (low-relevance role),,
865,1353,active,2025-03-31,,30.0,Hospitality Associate,,
866,1354,active,2025-03-31,,25.0,Hospitality Helper (low-relevance role),,
867,1355,active,2025-02-22,,,Hospitality Associate,,
868,1356,active,2025-03-25,,25.0,Hospitality Helper (low-relevance role),,
869,1358,active,2025-04-14,,29.0,Hospitality Helper (low-relevance role),,
870,1362,active,2025-04-08,,,Hospitality Helper (low-relevance role),,
871,1363,active,2025-03-03,,30.0,Hospitality Associate,,
872,1365,ended,2025-03-28,2025-09-24,25.0,Hospitality Associate,skill_mismatch,Job did not match trained skillset
873,1366,active,2025-03-03,,29.0,Hospitality Helper (low-relevance role),,
874,1367,active,2025-03-26,,,Hospitality Helper (low-relevance role),,
875,1368,active,2025-03-07,,30.0,Hospitality Helper (low-relevance role),,
876,1370,ended,2025-04-06,2025-07-05,,Hospitality Associate,health,Health-related reasons
877,1371,active,2025-03-20,,,Hospitality Helper (low-relevance role),,
878,1372,active,2025-02-20,,26.0,Hospitality Associate,,
