id,placement_id,skill_id
1,1,2
2,1,5
3,1,4
4,1,1
5,1,6
6,1,3
7,1,22
8,3,5
9,3,1
10,3,7
11,3,3
12,3,2
13,3,22
14,4,6
15,4,2
16,4,3
17,4,4
18,4,5
19,6,6
20,6,1
21,6,7
22,6,4
23,8,6
24,8,5
25,8,4
26,8,2
27,8,1
28,8,22
29,9,3
30,9,2
31,9,7
32,9,6
33,9,4
34,9,5
35,9,22
36,10,1
37,10,2
38,10,3
39,10,7
40,10,4
41,13,7
42,13,5
43,13,4
44,13,2
45,13,1
46,14,7
47,14,1
48,14,3
49,14,5
50,14,4
51,15,2
52,15,3
53,15,4
54,15,1
55,16,4
56,16,6
57,16,2
58,16,1
59,16,22
60,17,7
61,17,4
62,17,2
63,17,5
64,17,3
65,17,6
66,17,22
67,19,2
68,19,6
69,19,7
70,19,1
71,19,5
72,20,7
73,20,4
74,20,2
75,21,2
76,21,7
77,21,4
78,21,1
79,21,3
80,21,5
81,21,6
82,22,6
83,22,3
84,22,1
85,22,7
86,22,22
87,24,5
88,24,6
89,24,3
90,24,1
91,25,6
92,25,2
93,25,3
94,25,1
95,25,5
96,25,4
97,25,22
98,26,3
99,26,4
100,26,1
101,26,5
102,26,2
103,28,2
104,28,3
105,28,6
106,28,4
107,28,22
108,30,1
109,30,7
110,30,2
111,30,6
112,30,3
113,30,5
114,33,3
115,33,4
116,33,6
117,33,1
118,33,5
119,35,7
120,35,4
121,35,3
122,35,5
123,35,1
124,35,22
125,38,3
126,38,6
127,38,4
128,38,1
129,38,7
130,38,5
131,38,22
132,39,5
133,39,6
134,39,2
135,39,4
136,39,3
137,39,22
138,40,7
139,40,6
140,41,3
141,41,7
142,41,4
143,41,22
144,42,7
145,42,4
146,42,1
147,42,3
148,42,6
149,42,5
150,42,2
151,43,3
152,43,6
153,43,5
154,43,4
155,43,7
156,44,7
157,44,5
158,44,2
159,44,6
160,44,1
161,44,4
162,44,3
163,45,5
164,45,1
165,45,7
166,45,3
167,46,1
168,46,6
169,46,5
170,46,2
171,46,4
172,47,6
173,47,1
174,47,3
175,47,5
176,48,5
177,48,2
178,48,4
179,48,7
180,49,3
181,49,1
182,49,2
183,49,4
184,50,4
185,50,1
186,50,3
187,50,2
188,50,5
189,50,7
190,51,5
191,51,2
192,51,1
193,51,6
194,51,3
195,52,5
196,52,7
197,52,6
198,52,4
199,52,2
200,52,1
201,52,3
202,53,3
203,53,6
204,53,5
205,53,22
206,54,6
207,54,7
208,54,5
209,54,1
210,54,3
211,55,6
212,55,5
213,55,2
214,55,4
215,55,1
216,57,7
217,57,2
218,57,3
219,57,4
220,57,5
221,57,1
222,57,6
223,57,22
224,59,7
225,59,3
226,59,2
227,59,6
228,59,1
229,59,4
230,59,22
231,61,6
232,61,7
233,61,1
234,61,3
235,61,5
236,61,22
237,63,6
238,63,4
239,63,7
240,63,3
241,63,1
242,64,7
243,64,1
244,64,6
245,64,4
246,65,1
247,65,7
248,65,2
249,65,4
250,67,5
251,67,2
252,67,1
253,67,6
254,67,7
255,67,22
256,68,2
257,68,7
258,68,4
259,68,1
260,68,5
261,70,3
262,70,4
263,70,2
264,70,6
265,70,22
266,71,2
267,71,7
268,71,3
269,71,5
270,71,22
271,73,1
272,73,4
273,73,3
274,73,5
275,73,6
276,74,6
277,74,1
278,74,4
279,74,3
280,74,5
281,74,7
282,75,6
283,75,7
284,75,1
285,75,2
286,76,3
287,76,5
288,76,7
289,76,6
290,76,22
291,77,2
292,77,1
293,77,6
294,77,4
295,77,7
296,77,3
297,77,22
298,78,2
299,78,1
300,78,4
301,78,5
302,78,6
303,79,6
304,79,2
305,79,7
306,79,4
307,79,5
308,79,3
309,79,22
310,80,3
311,80,5
312,80,2
313,80,6
314,81,4
315,81,1
316,81,7
317,81,2
318,83,6
319,83,5
320,83,2
321,84,6
322,84,1
323,84,7
324,84,4
325,85,2
326,85,3
327,85,7
328,86,2
329,86,3
330,86,7
331,86,4
332,86,1
333,86,5
334,88,1
335,88,6
336,88,4
337,89,5
338,89,6
339,89,4
340,89,3
341,89,1
342,89,22
343,90,4
344,90,2
345,90,6
346,90,1
347,91,5
348,91,7
349,91,3
350,91,6
351,91,2
352,91,4
353,91,22
354,93,5
355,93,6
356,93,1
357,93,2
358,93,4
359,93,7
360,94,3
361,94,5
362,94,4
363,94,6
364,94,22
365,95,3
366,95,5
367,95,1
368,95,7
369,95,2
370,95,22
371,96,3
372,96,1
373,96,4
374,96,7
375,96,5
376,97,7
377,97,5
378,97,1
379,97,4
380,97,3
381,97,22
382,98,7
383,98,5
384,98,6
385,99,4
386,99,1
387,99,6
388,99,2
389,99,7
390,99,22
391,100,2
392,100,4
393,100,7
394,100,5
395,100,3
396,100,6
397,101,7
398,101,4
399,101,5
400,101,2
401,101,3
402,103,4
403,103,6
404,103,7
405,103,5
406,103,1
407,103,22
408,104,1
409,104,4
410,104,3
411,104,5
412,104,7
413,104,2
414,105,7
415,105,4
416,105,1
417,106,4
418,106,6
419,106,3
420,106,1
421,106,5
422,106,2
423,106,22
424,108,7
425,108,2
426,108,4
427,108,1
428,108,3
429,108,5
430,108,22
431,109,7
432,109,2
433,109,6
434,109,1
435,109,3
436,110,6
437,110,1
438,110,3
439,110,2
440,110,5
441,110,7
442,111,1
443,111,7
444,111,3
445,111,2
446,111,6
447,111,5
448,112,4
449,112,6
450,112,2
451,112,1
452,112,22
453,114,6
454,114,5
455,114,1
456,114,4
457,114,2
458,115,6
459,115,7
460,115,4
461,115,2
462,115,22
463,116,5
464,116,2
465,116,6
466,116,1
467,116,7
468,116,22
469,117,6
470,117,1
471,117,5
472,117,7
473,117,3
474,117,4
475,118,3
476,118,1
477,118,6
478,118,2
479,118,7
480,118,22
481,119,4
482,119,3
483,119,1
484,119,6
485,119,5
486,119,7
487,119,2
488,119,22
489,120,5
490,120,4
491,120,1
492,120,7
493,120,2
494,121,5
495,121,2
496,121,6
497,121,1
498,121,4
499,122,4
500,122,5
501,122,3
502,122,2
503,123,3
504,123,6
505,123,4
506,123,1
507,123,2
508,123,7
509,123,22
510,124,3
511,124,5
512,124,2
513,125,4
514,125,3
515,125,5
516,125,7
517,125,1
518,126,5
519,126,4
520,126,1
521,126,6
522,126,3
523,126,7
524,127,3
525,127,1
526,127,4
527,127,6
528,127,2
529,128,4
530,128,5
531,128,7
532,129,6
533,129,2
534,129,5
535,129,22
536,130,1
537,130,7
538,130,5
539,130,6
540,130,2
541,130,3
542,132,5
543,132,2
544,132,1
545,132,3
546,132,4
547,133,6
548,133,7
549,133,1
550,133,3
551,133,22
552,134,4
553,134,3
554,134,7
555,134,6
556,134,22
557,135,6
558,135,3
559,135,2
560,135,5
561,136,2
562,136,6
563,136,5
564,136,4
565,136,3
566,137,2
567,137,5
568,137,1
569,137,4
570,138,7
571,138,1
572,138,2
573,138,4
574,138,3
575,139,3
576,139,2
577,139,1
578,139,5
579,139,6
580,140,5
581,140,1
582,140,7
583,140,6
584,141,1
585,141,3
586,141,7
587,141,5
588,141,2
589,141,4
590,142,3
591,142,7
592,142,4
593,142,1
594,142,5
595,143,7
596,143,4
597,143,6
598,143,5
599,143,3
600,143,1
601,143,22
602,145,6
603,145,7
604,145,4
605,145,2
606,146,7
607,146,5
608,146,4
609,146,1
610,147,3
611,147,5
612,147,6
613,147,4
614,147,7
615,148,7
616,148,2
617,148,3
618,148,1
619,148,6
620,148,4
621,150,4
622,150,2
623,150,6
624,150,7
625,150,3
626,150,5
627,151,7
628,151,4
629,151,1
630,151,5
631,151,22
632,152,4
633,152,6
634,152,3
635,152,1
636,152,7
637,154,2
638,154,3
639,154,5
640,154,1
641,155,5
642,155,7
643,155,4
644,155,1
645,155,22
646,156,1
647,156,6
648,156,7
649,156,2
650,156,3
651,156,5
652,157,1
653,157,5
654,157,7
655,157,6
656,158,3
657,158,6
658,158,2
659,158,7
660,158,4
661,159,2
662,159,7
663,159,5
664,159,3
665,159,1
666,159,22
667,160,1
668,160,2
669,160,3
670,160,4
671,161,7
672,161,2
673,161,5
674,161,6
675,161,4
676,162,5
677,162,7
678,162,1
679,162,4
680,163,4
681,163,1
682,163,6
683,165,6
684,165,2
685,165,4
686,165,3
687,165,5
688,165,1
689,166,6
690,166,7
691,166,3
692,166,1
693,166,22
694,167,2
695,167,4
696,167,5
697,167,1
698,168,7
699,168,1
700,168,3
701,168,4
702,168,22
703,169,5
704,169,3
705,169,4
706,169,2
707,169,7
708,170,6
709,170,1
710,170,7
711,170,2
712,170,4
713,170,3
714,170,5
715,170,22
716,171,7
717,171,5
718,171,6
719,171,2
720,172,1
721,172,5
722,172,7
723,172,3
724,172,22
725,176,6
726,176,7
727,176,4
728,176,1
729,176,3
730,177,3
731,177,6
732,177,1
733,177,5
734,178,6
735,178,3
736,178,2
737,178,4
738,178,5
739,178,22
740,179,5
741,179,7
742,179,3
743,179,6
744,179,1
745,179,2
746,179,4
747,180,3
748,180,7
749,180,6
750,180,5
751,180,4
752,181,2
753,181,6
754,181,3
755,181,4
756,183,3
757,183,2
758,183,7
759,183,1
760,183,4
761,184,2
762,184,3
763,184,1
764,184,4
765,184,6
766,184,5
767,185,2
768,185,6
769,185,4
770,185,1
771,185,5
772,185,3
773,185,7
774,185,22
775,186,6
776,186,2
777,186,4
778,186,5
779,186,1
780,188,6
781,188,5
782,188,2
783,188,3
784,188,1
785,188,4
786,188,22
787,189,3
788,189,1
789,189,4
790,190,2
791,190,3
792,190,1
793,190,4
794,190,5
795,191,2
796,191,5
797,191,1
798,191,6
799,192,6
800,192,2
801,192,5
802,192,4
803,192,1
804,192,3
805,192,7
806,193,3
807,193,7
808,193,4
809,195,7
810,195,3
811,195,22
812,197,7
813,197,5
814,197,6
815,197,1
816,197,4
817,197,2
818,197,22
819,198,1
820,198,3
821,198,4
822,198,6
823,198,5
824,199,2
825,199,3
826,199,1
827,199,6
828,199,4
829,201,1
830,201,2
831,201,6
832,201,4
833,201,3
834,201,7
835,201,22
836,203,5
837,203,6
838,203,2
839,203,4
840,203,1
841,203,3
842,203,7
843,204,4
844,204,7
845,204,3
846,204,6
847,204,5
848,204,2
849,204,1
850,205,2
851,205,6
852,205,7
853,205,5
854,205,1
855,205,22
856,207,4
857,207,7
858,207,3
859,207,5
860,207,2
861,207,1
862,208,1
863,208,3
864,208,6
865,208,2
866,209,6
867,209,4
868,209,3
869,209,2
870,209,1
871,210,5
872,210,3
873,210,7
874,210,2
875,210,22
876,211,1
877,211,7
878,211,3
879,211,5
880,211,2
881,211,4
882,213,6
883,213,4
884,213,7
885,213,2
886,213,3
887,213,22
888,214,7
889,214,2
890,214,6
891,214,3
892,215,7
893,215,3
894,215,1
895,216,7
896,216,1
897,216,2
898,216,6
899,216,5
900,217,1
901,217,7
902,217,5
903,217,3
904,217,6
905,217,2
906,218,2
907,218,1
908,218,4
909,218,6
910,218,5
911,218,7
912,218,22
913,219,2
914,219,7
915,219,5
916,219,3
917,220,4
918,220,2
919,220,5
920,220,6
921,220,3
922,220,22
923,221,6
924,221,5
925,221,4
926,221,3
927,221,2
928,221,1
929,221,22
930,222,5
931,222,4
932,222,2
933,222,3
934,222,1
935,222,7
936,223,3
937,223,4
938,223,2
939,223,7
940,223,6
941,223,1
942,223,22
943,225,1
944,225,7
945,225,5
946,225,4
947,226,3
948,226,5
949,226,1
950,226,4
951,226,2
952,227,3
953,227,2
954,227,5
955,227,7
956,227,6
957,229,7
958,229,1
959,229,6
960,229,2
961,229,4
962,229,3
963,231,5
964,231,2
965,231,7
966,231,3
967,231,4
968,232,4
969,232,6
970,232,1
971,232,7
972,232,2
973,232,3
974,233,5
975,233,6
976,233,3
977,233,4
978,233,1
979,234,6
980,234,1
981,234,3
982,234,5
983,234,22
984,235,1
985,235,5
986,235,3
987,236,6
988,236,2
989,236,1
990,236,7
991,237,1
992,237,3
993,237,2
994,237,4
995,237,7
996,238,2
997,238,7
998,238,3
999,238,4
1000,238,6
1001,238,22
1002,239,2
1003,239,6
1004,239,1
1005,239,5
1006,239,3
1007,240,2
1008,240,6
1009,240,4
1010,240,7
1011,240,5
1012,241,5
1013,241,1
1014,241,3
1015,241,2
1016,241,6
1017,242,1
1018,242,7
1019,242,4
1020,242,6
1021,242,2
1022,242,3
1023,243,6
1024,243,7
1025,243,1
1026,243,5
1027,243,2
1028,244,6
1029,244,2
1030,244,7
1031,244,3
1032,244,1
1033,245,6
1034,245,1
1035,245,2
1036,245,4
1037,245,22
1038,246,5
1039,246,6
1040,246,3
1041,246,4
1042,246,7
1043,246,22
1044,249,2
1045,249,5
1046,249,3
1047,249,1
1048,249,4
1049,250,2
1050,250,4
1051,250,3
1052,250,1
1053,250,7
1054,250,22
1055,251,4
1056,251,3
1057,251,1
1058,251,22
1059,254,7
1060,254,1
1061,254,2
1062,254,22
1063,256,1
1064,256,3
1065,256,6
1066,256,4
1067,256,5
1068,257,2
1069,257,1
1070,257,7
1071,257,22
1072,258,1
1073,258,6
1074,258,7
1075,258,2
1076,258,5
1077,259,6
1078,259,1
1079,259,7
1080,259,5
1081,259,3
1082,259,4
1083,260,6
1084,260,2
1085,260,3
1086,260,7
1087,260,5
1088,260,1
1089,261,1
1090,261,4
1091,261,3
1092,261,6
1093,262,3
1094,262,2
1095,262,7
1096,262,6
1097,262,5
1098,263,4
1099,263,6
1100,263,1
1101,263,2
1102,263,7
1103,263,3
1104,263,22
1105,264,1
1106,264,4
1107,264,6
1108,264,3
1109,264,2
1110,264,5
1111,264,7
1112,264,22
1113,265,5
1114,265,1
1115,265,2
1116,265,3
1117,265,7
1118,266,6
1119,266,4
1120,266,5
1121,266,22
1122,267,6
1123,267,5
1124,267,1
1125,267,3
1126,267,2
1127,267,22
1128,268,7
1129,268,4
1130,268,5
1131,268,1
1132,268,3
1133,268,22
1134,269,1
1135,269,2
1136,269,22
1137,271,5
1138,271,6
1139,271,4
1140,271,2
1141,274,1
1142,274,4
1143,274,3
1144,274,5
1145,274,22
1146,275,5
1147,275,1
1148,275,3
1149,275,4
1150,276,5
1151,276,3
1152,276,6
1153,276,2
1154,276,1
1155,277,4
1156,277,6
1157,277,7
1158,277,1
1159,277,5
1160,277,3
1161,277,22
1162,278,3
1163,278,6
1164,278,4
1165,278,2
1166,278,7
1167,280,1
1168,280,3
1169,280,7
1170,281,6
1171,281,5
1172,281,4
1173,281,7
1174,281,2
1175,281,1
1176,282,1
1177,282,3
1178,282,7
1179,282,4
1180,282,2
1181,282,5
1182,283,5
1183,283,4
1184,283,1
1185,283,6
1186,283,2
1187,283,22
1188,284,3
1189,284,5
1190,284,6
1191,284,4
1192,284,1
1193,286,5
1194,286,4
1195,286,6
1196,286,1
1197,286,2
1198,286,3
1199,287,7
1200,287,2
1201,287,6
1202,287,5
1203,287,22
1204,288,2
1205,288,1
1206,288,6
1207,288,7
1208,288,5
1209,288,22
1210,290,1
1211,290,4
1212,290,5
1213,290,3
1214,290,2
1215,290,6
1216,290,22
1217,291,1
1218,291,4
1219,291,6
1220,291,3
1221,291,7
1222,291,5
1223,293,1
1224,293,5
1225,293,7
1226,293,6
1227,293,4
1228,294,2
1229,294,7
1230,294,5
1231,294,4
1232,294,1
1233,294,22
1234,295,5
1235,295,3
1236,295,4
1237,295,7
1238,295,6
1239,295,2
1240,295,1
1241,296,3
1242,296,2
1243,296,7
1244,296,4
1245,296,5
1246,296,1
1247,296,6
1248,297,5
1249,297,2
1250,297,3
1251,297,4
1252,297,22
1253,300,5
1254,300,2
1255,300,1
1256,300,3
1257,300,6
1258,300,4
1259,300,22
1260,301,6
1261,301,5
1262,301,2
1263,301,7
1264,301,3
1265,301,4
1266,301,1
1267,303,2
1268,303,6
1269,303,5
1270,303,4
1271,303,1
1272,306,2
1273,306,7
1274,306,5
1275,308,5
1276,308,4
1277,308,1
1278,308,7
1279,308,2
1280,309,5
1281,309,3
1282,309,6
1283,309,7
1284,310,3
1285,310,4
1286,310,5
1287,310,7
1288,310,2
1289,310,22
1290,311,3
1291,311,4
1292,311,5
1293,311,2
1294,311,1
1295,311,22
1296,312,3
1297,312,6
1298,312,5
1299,312,4
1300,312,1
1301,312,2
1302,313,2
1303,313,6
1304,313,4
1305,313,1
1306,313,5
1307,313,22
1308,315,7
1309,315,2
1310,315,1
1311,316,1
1312,316,7
1313,316,5
1314,316,6
1315,317,3
1316,317,5
1317,317,7
1318,317,6
1319,318,1
1320,318,6
1321,318,2
1322,318,5
1323,319,2
1324,319,3
1325,319,7
1326,319,6
1327,319,4
1328,319,22
1329,320,4
1330,320,6
1331,320,2
1332,321,5
1333,321,4
1334,321,2
1335,321,3
1336,321,6
1337,322,2
1338,322,1
1339,322,3
1340,322,4
1341,322,5
1342,322,7
1343,322,22
1344,323,2
1345,323,6
1346,323,3
1347,323,5
1348,323,7
1349,323,4
1350,323,22
1351,324,7
1352,324,4
1353,324,3
1354,324,1
1355,324,22
1356,325,1
1357,325,5
1358,325,7
1359,325,2
1360,325,6
1361,325,4
1362,326,4
1363,326,3
1364,326,2
1365,326,5
1366,326,7
1367,328,4
1368,328,5
1369,328,2
1370,328,3
1371,328,7
1372,328,6
1373,329,5
1374,329,3
1375,329,1
1376,329,2
1377,329,4
1378,329,6
1379,329,7
1380,330,1
1381,330,5
1382,330,2
1383,330,4
1384,330,22
1385,332,3
1386,332,2
1387,332,6
1388,332,1
1389,332,4
1390,333,3
1391,333,1
1392,333,4
1393,333,2
1394,333,5
1395,333,22
1396,334,6
1397,334,4
1398,334,1
1399,334,3
1400,334,22
1401,335,2
1402,335,6
1403,335,1
1404,335,7
1405,336,4
1406,336,5
1407,336,3
1408,336,2
1409,336,7
1410,337,6
1411,337,2
1412,337,3
1413,337,4
1414,337,22
1415,338,4
1416,338,5
1417,338,6
1418,340,6
1419,340,2
1420,340,7
1421,340,4
1422,340,22
1423,341,5
1424,341,7
1425,341,4
1426,341,3
1427,341,6
1428,342,5
1429,342,2
1430,342,6
1431,342,7
1432,342,22
1433,343,5
1434,343,7
1435,343,3
1436,343,4
1437,343,2
1438,343,6
1439,344,5
1440,344,4
1441,344,2
1442,344,22
1443,345,7
1444,345,6
1445,345,5
1446,345,4
1447,345,1
1448,345,2
1449,346,3
1450,346,2
1451,346,5
1452,346,1
1453,347,4
1454,347,5
1455,347,1
1456,347,22
1457,348,3
1458,348,5
1459,348,1
1460,348,7
1461,348,4
1462,349,4
1463,349,1
1464,350,7
1465,350,2
1466,350,4
1467,350,5
1468,350,3
1469,351,1
1470,351,4
1471,351,6
1472,351,3
1473,351,5
1474,352,7
1475,352,5
1476,352,2
1477,352,4
1478,353,5
1479,353,3
1480,353,6
1481,353,2
1482,354,5
1483,354,2
1484,354,7
1485,354,3
1486,354,6
1487,354,22
1488,355,4
1489,355,2
1490,355,3
1491,355,7
1492,355,6
1493,355,1
1494,356,7
1495,356,4
1496,356,1
1497,357,6
1498,357,7
1499,357,3
1500,357,2
1501,358,4
1502,358,1
1503,358,7
1504,358,2
1505,362,1
1506,362,4
1507,362,5
1508,362,6
1509,362,7
1510,362,2
1511,362,3
1512,363,6
1513,363,3
1514,363,2
1515,363,4
1516,364,4
1517,364,5
1518,364,7
1519,364,2
1520,364,22
1521,365,5
1522,365,6
1523,365,1
1524,365,4
1525,367,2
1526,367,1
1527,367,6
1528,367,4
1529,369,6
1530,369,3
1531,369,5
1532,369,7
1533,369,1
1534,370,3
1535,370,5
1536,370,7
1537,370,6
1538,370,2
1539,371,2
1540,371,7
1541,371,1
1542,371,6
1543,371,3
1544,371,5
1545,373,3
1546,373,6
1547,373,2
1548,373,4
1549,374,7
1550,374,4
1551,374,2
1552,374,6
1553,374,1
1554,375,4
1555,375,6
1556,375,7
1557,375,1
1558,377,2
1559,377,1
1560,377,5
1561,377,3
1562,377,4
1563,379,1
1564,379,5
1565,379,2
1566,379,22
1567,381,4
1568,381,10
1569,381,23
1570,382,4
1571,382,23
1572,383,8
1573,383,11
1574,383,10
1575,386,11
1576,386,8
1577,386,10
1578,387,11
1579,387,8
1580,387,10
1581,388,9
1582,388,23
1583,392,4
1584,392,10
1585,393,9
1586,393,8
1587,393,23
1588,394,8
1589,394,9
1590,398,8
1591,398,9
1592,398,23
1593,403,11
1594,403,9
1595,403,10
1596,408,11
1597,408,9
1598,408,4
1599,408,23
1600,409,8
1601,409,4
1602,409,11
1603,409,10
1604,410,8
1605,410,11
1606,410,9
1607,411,11
1608,411,8
1609,411,4
1610,411,9
1611,411,10
1612,411,23
1613,413,9
1614,413,11
1615,414,11
1616,414,4
1617,414,9
1618,415,11
1619,415,8
1620,415,9
1621,415,23
1622,416,10
1623,416,8
1624,417,8
1625,417,10
1626,418,10
1627,418,9
1628,420,4
1629,420,8
1630,420,23
1631,421,4
1632,421,9
1633,422,8
1634,422,11
1635,422,10
1636,425,9
1637,425,10
1638,425,4
1639,425,23
1640,426,9
1641,426,8
1642,426,4
1643,426,23
1644,427,4
1645,427,10
1646,427,8
1647,428,11
1648,428,10
1649,428,9
1650,428,23
1651,429,8
1652,429,11
1653,429,9
1654,429,23
1655,430,10
1656,430,9
1657,430,11
1658,431,9
1659,431,10
1660,431,8
1661,433,10
1662,433,8
1663,433,9
1664,433,4
1665,433,23
1666,437,4
1667,437,8
1668,438,9
1669,438,10
1670,438,4
1671,438,23
1672,439,9
1673,439,4
1674,439,11
1675,439,8
1676,439,23
1677,440,11
1678,440,8
1679,440,10
1680,443,8
1681,445,11
1682,445,8
1683,445,9
1684,446,4
1685,446,8
1686,447,9
1687,447,10
1688,447,8
1689,447,11
1690,449,9
1691,449,8
1692,449,4
1693,450,10
1694,450,8
1695,452,8
1696,452,10
1697,452,4
1698,453,11
1699,453,8
1700,453,23
1701,454,4
1702,454,10
1703,454,23
1704,455,8
1705,455,10
1706,455,4
1707,456,8
1708,456,11
1709,456,4
1710,457,10
1711,457,8
1712,457,9
1713,457,11
1714,458,8
1715,458,4
1716,458,9
1717,458,10
1718,459,8
1719,459,11
1720,460,10
1721,460,8
1722,460,11
1723,461,8
1724,461,9
1725,461,10
1726,461,23
1727,464,8
1728,464,10
1729,464,11
1730,465,9
1731,465,11
1732,467,8
1733,467,9
1734,467,4
1735,468,8
1736,468,10
1737,469,9
1738,469,10
1739,469,23
1740,470,11
1741,470,9
1742,470,8
1743,471,4
1744,471,10
1745,472,11
1746,472,9
1747,472,8
1748,473,4
1749,473,8
1750,473,9
1751,473,23
1752,474,9
1753,474,10
1754,475,8
1755,475,9
1756,475,23
1757,476,11
1758,476,10
1759,476,4
1760,476,9
1761,476,23
1762,477,4
1763,477,11
1764,481,8
1765,481,4
1766,481,10
1767,482,9
1768,482,8
1769,482,11
1770,482,10
1771,483,8
1772,483,10
1773,483,9
1774,485,9
1775,485,11
1776,485,4
1777,485,23
1778,486,10
1779,486,8
1780,486,11
1781,487,8
1782,487,9
1783,487,4
1784,487,10
1785,487,23
1786,488,11
1787,488,8
1788,488,9
1789,488,10
1790,491,10
1791,491,8
1792,491,9
1793,491,23
1794,493,9
1795,493,11
1796,495,8
1797,495,10
1798,495,9
1799,495,23
1800,497,10
1801,497,11
1802,497,8
1803,498,11
1804,498,9
1805,499,4
1806,499,8
1807,499,11
1808,500,4
1809,500,9
1810,500,11
1811,500,23
1812,501,4
1813,501,11
1814,501,23
1815,503,4
1816,503,11
1817,506,10
1818,506,9
1819,506,23
1820,509,8
1821,509,4
1822,509,9
1823,509,11
1824,510,10
1825,511,10
1826,511,11
1827,511,4
1828,511,23
1829,512,9
1830,513,8
1831,513,9
1832,513,10
1833,513,23
1834,514,10
1835,514,8
1836,514,11
1837,514,4
1838,515,8
1839,515,4
1840,516,11
1841,516,10
1842,516,4
1843,516,9
1844,516,23
1845,517,10
1846,517,11
1847,517,9
1848,522,9
1849,522,10
1850,523,9
1851,523,11
1852,524,10
1853,524,11
1854,526,11
1855,527,10
1856,527,4
1857,527,8
1858,527,23
1859,530,9
1860,530,4
1861,530,23
1862,531,4
1863,531,11
1864,532,9
1865,532,10
1866,532,11
1867,533,8
1868,533,4
1869,533,11
1870,533,23
1871,534,11
1872,534,9
1873,534,8
1874,534,10
1875,536,11
1876,536,10
1877,536,9
1878,537,11
1879,537,9
1880,537,8
1881,538,11
1882,538,4
1883,538,8
1884,538,23
1885,539,9
1886,539,11
1887,539,4
1888,541,8
1889,541,4
1890,541,9
1891,541,23
1892,543,4
1893,543,9
1894,543,10
1895,543,11
1896,544,11
1897,544,23
1898,545,9
1899,545,11
1900,545,10
1901,546,4
1902,546,10
1903,546,8
1904,546,11
1905,546,23
1906,548,9
1907,548,11
1908,548,23
1909,552,8
1910,552,4
1911,552,10
1912,552,9
1913,553,11
1914,553,4
1915,553,23
1916,554,4
1917,554,11
1918,554,23
1919,555,8
1920,555,11
1921,555,9
1922,558,11
1923,558,4
1924,558,9
1925,558,8
1926,559,10
1927,559,9
1928,561,8
1929,561,10
1930,562,4
1931,562,9
1932,565,10
1933,565,4
1934,565,9
1935,565,11
1936,565,23
1937,566,11
1938,566,10
1939,568,4
1940,568,8
1941,569,11
1942,569,4
1943,569,9
1944,569,8
1945,570,9
1946,570,4
1947,570,11
1948,571,11
1949,571,4
1950,571,23
1951,572,11
1952,572,8
1953,572,10
1954,572,23
1955,573,8
1956,573,9
1957,574,8
1958,574,4
1959,574,10
1960,574,9
1961,575,10
1962,575,11
1963,575,9
1964,576,10
1965,576,11
1966,576,4
1967,577,8
1968,577,11
1969,578,11
1970,578,8
1971,579,10
1972,579,9
1973,579,11
1974,579,8
1975,581,9
1976,581,23
1977,583,9
1978,583,10
1979,583,4
1980,583,23
1981,584,8
1982,584,9
1983,585,9
1984,585,4
1985,586,8
1986,586,10
1987,586,9
1988,588,9
1989,588,4
1990,588,10
1991,589,10
1992,589,8
1993,591,8
1994,591,9
1995,593,10
1996,593,9
1997,593,4
1998,593,23
1999,594,10
2000,594,9
2001,594,11
2002,595,9
2003,595,8
2004,597,11
2005,597,10
2006,597,9
2007,597,23
2008,602,11
2009,602,4
2010,602,9
2011,604,10
2012,604,4
2013,604,8
2014,604,23
2015,608,8
2016,608,4
2017,608,9
2018,610,4
2019,610,8
2020,610,11
2021,610,10
2022,612,9
2023,612,4
2024,612,23
2025,613,8
2026,615,11
2027,615,8
2028,615,4
2029,617,10
2030,617,4
2031,617,8
2032,617,11
2033,621,10
2034,621,11
2035,621,9
2036,621,8
2037,621,23
2038,622,10
2039,623,4
2040,623,11
2041,623,9
2042,623,10
2043,623,23
2044,624,9
2045,624,11
2046,624,8
2047,624,4
2048,626,4
2049,626,8
2050,626,10
2051,626,9
2052,626,23
2053,627,13
2054,628,13
2055,628,14
2056,628,12
2057,630,4
2058,630,13
2059,631,12
2060,632,14
2061,632,4
2062,633,12
2063,633,4
2064,635,4
2065,635,24
2066,636,4
2067,636,13
2068,637,13
2069,637,4
2070,639,14
2071,639,4
2072,639,24
2073,641,12
2074,641,13
2075,642,12
2076,642,4
2077,645,12
2078,645,13
2079,646,12
2080,646,13
2081,647,4
2082,648,13
2083,648,14
2084,648,12
2085,651,12
2086,653,12
2087,653,4
2088,653,24
2089,655,12
2090,655,14
2091,658,14
2092,658,4
2093,658,24
2094,659,14
2095,659,12
2096,659,24
2097,660,12
2098,660,13
2099,660,24
2100,661,14
2101,661,4
2102,661,24
2103,666,12
2104,666,4
2105,669,13
2106,669,4
2107,670,4
2108,670,14
2109,670,24
2110,671,14
2111,672,12
2112,672,14
2113,672,24
2114,673,13
2115,673,24
2116,676,13
2117,676,12
2118,677,4
2119,677,24
2120,678,13
2121,678,4
2122,681,14
2123,681,4
2124,682,12
2125,682,14
2126,682,24
2127,683,14
2128,683,13
2129,683,24
2130,684,14
2131,684,24
2132,685,13
2133,685,12
2134,686,13
2135,687,13
2136,687,24
2137,688,14
2138,689,12
2139,689,13
2140,689,4
2141,689,24
2142,690,4
2143,690,14
2144,690,24
2145,691,4
2146,691,12
2147,694,13
2148,695,4
2149,695,13
2150,697,12
2151,697,13
2152,698,13
2153,698,12
2154,700,4
2155,700,12
2156,701,12
2157,703,14
2158,703,13
2159,705,13
2160,705,12
2161,708,4
2162,708,12
2163,708,14
2164,709,12
2165,709,4
2166,711,13
2167,711,14
2168,711,12
2169,711,24
2170,713,13
2171,714,4
2172,714,14
2173,716,13
2174,716,12
2175,717,4
2176,717,13
2177,720,4
2178,720,13
2179,720,14
2180,721,12
2181,723,14
2182,723,13
2183,723,24
2184,724,14
2185,728,14
2186,729,12
2187,729,4
2188,731,4
2189,732,14
2190,732,4
2191,732,24
2192,733,4
2193,733,24
2194,734,12
2195,734,24
2196,735,14
2197,735,13
2198,738,12
2199,738,14
2200,740,12
2201,740,24
2202,744,14
2203,744,12
2204,744,24
2205,745,13
2206,747,4
2207,747,13
2208,749,12
2209,749,4
2210,752,14
2211,753,12
2212,753,13
2213,754,14
2214,756,12
2215,756,14
2216,757,14
2217,759,13
2218,760,12
2219,763,13
2220,766,14
2221,766,4
2222,767,12
2223,767,13
2224,768,13
2225,768,4
2226,769,13
2227,769,24
2228,770,14
2229,770,12
2230,770,24
2231,772,12
2232,772,4
2233,772,24
2234,773,12
2235,774,12
2236,777,13
2237,777,12
2238,778,12
2239,778,13
2240,779,14
2241,779,13
2242,780,4
2243,780,14
2244,780,24
2245,782,14
2246,783,14
2247,783,13
2248,783,12
2249,785,14
2250,786,13
2251,786,12
2252,787,4
2253,788,12
2254,788,14
2255,788,4
2256,790,4
2257,791,13
2258,791,14
2259,791,24
2260,792,12
2261,792,4
2262,793,12
2263,793,14
2264,795,14
2265,795,24
2266,797,13
2267,797,14
2268,798,4
2269,800,13
2270,800,4
2271,800,24
2272,803,13
2273,803,14
2274,806,12
2275,806,14
2276,808,4
2277,808,12
2278,809,14
2279,809,13
2280,810,14
2281,811,13
2282,811,14
2283,811,24
2284,812,12
2285,812,4
2286,812,24
2287,813,13
2288,813,14
2289,817,4
2290,820,13
2291,820,24
2292,823,4
2293,823,12
2294,823,24
2295,826,14
2296,826,24
2297,827,13
2298,827,24
2299,831,13
2300,832,12
2301,832,13
2302,833,4
2303,836,4
2304,836,12
2305,836,24
2306,839,12
2307,839,13
2308,840,14
2309,841,14
2310,841,4
2311,841,24
2312,842,13
2313,842,12
2314,842,14
2315,843,13
2316,843,12
2317,843,4
2318,845,12
2319,845,14
2320,845,13
2321,847,12
2322,847,24
2323,848,13
2324,848,12
2325,848,24
2326,849,13
2327,849,4
2328,849,24
2329,850,13
2330,850,12
2331,851,13
2332,851,14
2333,852,13
2334,852,4
2335,852,12
2336,853,14
2337,853,12
2338,854,4
2339,854,14
2340,855,14
2341,855,24
2342,856,4
2343,857,14
2344,857,12
2345,859,14
2346,859,24
2347,860,14
2348,860,4
2349,860,24
2350,861,13
2351,861,12
2352,861,14
2353,861,24
2354,862,14
2355,862,12
2356,862,24
2357,863,12
2358,863,24
2359,865,12
2360,866,13
2361,866,14
2362,867,14
2363,867,12
2364,867,24
2365,868,4
2366,868,13
2367,868,14
2368,869,12
2369,869,4
2370,871,14
2371,871,4
2372,872,12
2373,872,4
2374,873,13
2375,873,14
2376,873,24
2377,875,15
2378,875,16
2379,876,17
2380,876,16
2381,876,15
2382,876,25
2383,877,17
2384,877,15
2385,877,18
2386,877,25
2387,878,15
2388,878,25
2389,879,17
2390,879,16
2391,880,17
2392,880,18
2393,880,25
2394,881,15
2395,881,18
2396,883,15
2397,883,16
2398,884,16
2399,884,17
2400,886,16
2401,886,18
2402,886,15
2403,887,15
2404,891,18
2405,891,15
2406,892,15
2407,895,17
2408,895,18
2409,895,15
2410,896,17
2411,896,16
2412,896,25
2413,898,17
2414,898,25
2415,900,15
2416,902,18
2417,902,16
2418,902,25
2419,903,15
2420,903,16
2421,903,25
2422,905,16
2423,905,18
2424,906,15
2425,906,18
2426,909,17
2427,909,25
2428,910,18
2429,910,17
2430,911,16
2431,913,17
2432,913,16
2433,913,25
2434,916,15
2435,916,18
2436,916,25
2437,918,17
2438,924,15
2439,924,25
2440,927,15
2441,927,18
2442,930,16
2443,930,18
2444,930,25
2445,931,17
2446,931,15
2447,931,18
2448,931,25
2449,932,18
2450,932,15
2451,932,25
2452,933,16
2453,933,15
2454,934,15
2455,934,16
2456,934,18
2457,934,25
2458,935,18
2459,935,16
2460,935,25
2461,936,16
2462,936,18
2463,936,25
2464,937,17
2465,937,25
2466,938,15
2467,938,18
2468,938,16
2469,939,15
2470,941,15
2471,941,25
2472,943,16
2473,943,15
2474,943,25
2475,944,16
2476,944,25
2477,945,16
2478,945,18
2479,946,16
2480,946,17
2481,947,16
2482,947,15
2483,947,25
2484,949,15
2485,949,18
2486,949,25
2487,951,15
2488,951,16
2489,951,25
2490,952,18
2491,952,17
2492,953,15
2493,953,17
2494,953,25
2495,954,15
2496,954,16
2497,957,17
2498,957,16
2499,957,15
2500,958,18
2501,958,17
2502,958,15
2503,958,25
2504,959,18
2505,959,15
2506,959,16
2507,960,16
2508,960,17
2509,960,25
2510,963,15
2511,963,25
2512,964,18
2513,964,17
2514,966,16
2515,966,25
2516,968,16
2517,968,15
2518,968,18
2519,968,25
2520,969,15
2521,969,16
2522,969,17
2523,969,18
2524,970,17
2525,970,15
2526,971,18
2527,973,18
2528,973,17
2529,973,25
2530,976,17
2531,976,15
2532,977,17
2533,977,15
2534,977,25
2535,978,15
2536,978,18
2537,979,18
2538,979,16
2539,982,17
2540,986,17
2541,986,16
2542,987,16
2543,987,15
2544,987,17
2545,988,17
2546,988,15
2547,988,18
2548,991,17
2549,991,16
2550,991,15
2551,991,25
2552,993,16
2553,993,15
2554,998,17
2555,1001,15
2556,1001,17
2557,1002,15
2558,1002,17
2559,1002,18
2560,1003,18
2561,1003,16
2562,1005,17
2563,1005,25
2564,1006,17
2565,1006,15
2566,1011,17
2567,1011,16
2568,1011,25
2569,1013,18
2570,1013,17
2571,1015,18
2572,1015,17
2573,1017,15
2574,1019,15
2575,1021,16
2576,1021,15
2577,1025,17
2578,1025,25
2579,1028,18
2580,1028,15
2581,1028,25
2582,1031,18
2583,1031,17
2584,1031,25
2585,1032,18
2586,1032,16
2587,1033,18
2588,1033,15
2589,1034,18
2590,1034,17
2591,1034,16
2592,1034,25
2593,1035,15
2594,1035,17
2595,1036,16
2596,1036,15
2597,1037,16
2598,1037,15
2599,1039,15
2600,1039,16
2601,1042,17
2602,1042,16
2603,1042,18
2604,1044,17
2605,1044,15
2606,1045,15
2607,1046,18
2608,1046,17
2609,1047,16
2610,1047,18
2611,1048,15
2612,1048,17
2613,1048,16
2614,1050,15
2615,1050,17
2616,1051,16
2617,1051,18
2618,1052,18
2619,1052,16
2620,1052,25
2621,1053,18
2622,1054,17
2623,1054,18
2624,1054,25
2625,1055,18
2626,1055,25
2627,1057,15
2628,1057,25
2629,1059,17
2630,1059,18
2631,1060,16
2632,1060,15
2633,1063,17
2634,1063,15
2635,1063,25
2636,1064,18
2637,1064,17
2638,1065,15
2639,1065,16
2640,1066,15
2641,1069,16
2642,1069,15
2643,1070,16
2644,1070,15
2645,1071,17
2646,1071,15
2647,1071,16
2648,1077,18
2649,1077,16
2650,1078,16
2651,1078,18
2652,1081,15
2653,1081,16
2654,1081,25
2655,1082,15
2656,1082,16
2657,1082,25
2658,1084,16
2659,1084,15
2660,1086,15
2661,1088,18
2662,1088,17
2663,1088,25
2664,1089,16
2665,1089,15
2666,1090,16
2667,1090,15
2668,1090,25
2669,1093,17
2670,1093,25
2671,1094,18
2672,1096,16
2673,1108,17
2674,1109,15
2675,1109,25
2676,1110,18
2677,1110,15
2678,1111,17
2679,1111,16
2680,1111,18
2681,1113,15
2682,1113,17
2683,1113,16
2684,1113,25
2685,1114,18
2686,1114,15
2687,1115,17
2688,1115,15
2689,1116,16
2690,1116,15
2691,1116,18
2692,1117,15
2693,1117,18
2694,1121,17
2695,1121,15
2696,1123,17
2697,1123,16
2698,1123,18
2699,1124,16
2700,1124,18
2701,1124,17
2702,1124,25
2703,1127,20
2704,1127,19
2705,1132,19
2706,1132,4
2707,1133,19
2708,1133,26
2709,1134,20
2710,1134,19
2711,1143,21
2712,1143,19
2713,1143,26
2714,1148,21
2715,1152,21
2716,1153,21
2717,1153,20
2718,1157,20
2719,1157,26
2720,1161,19
2721,1162,4
2722,1162,26
2723,1163,21
2724,1163,4
2725,1163,26
2726,1165,19
2727,1168,20
2728,1168,4
2729,1169,21
2730,1170,21
2731,1170,19
2732,1173,4
2733,1173,26
2734,1174,21
2735,1174,26
2736,1175,20
2737,1175,21
2738,1176,4
2739,1176,19
2740,1178,19
2741,1178,26
2742,1180,4
2743,1183,4
2744,1183,26
2745,1185,4
2746,1185,21
2747,1186,19
2748,1186,26
2749,1187,19
2750,1190,19
2751,1190,21
2752,1191,20
2753,1193,21
2754,1193,26
2755,1194,4
2756,1195,4
2757,1195,21
2758,1196,20
2759,1196,26
2760,1197,20
2761,1197,21
2762,1198,20
2763,1198,19
2764,1198,26
2765,1199,4
2766,1199,20
2767,1199,21
2768,1199,26
2769,1201,20
2770,1208,19
2771,1208,21
2772,1208,26
2773,1210,4
2774,1210,20
2775,1211,4
2776,1212,20
2777,1215,20
2778,1217,4
2779,1218,20
2780,1218,4
2781,1220,4
2782,1224,21
2783,1225,21
2784,1225,19
2785,1225,26
2786,1231,4
2787,1233,21
2788,1233,26
2789,1235,20
2790,1235,26
2791,1238,4
2792,1238,20
2793,1238,19
2794,1240,19
2795,1241,4
2796,1241,20
2797,1242,4
2798,1243,20
2799,1247,21
2800,1248,20
2801,1248,19
2802,1249,4
2803,1249,20
2804,1249,19
2805,1253,19
2806,1255,19
2807,1255,20
2808,1257,21
2809,1258,20
2810,1258,21
2811,1258,26
2812,1261,21
2813,1262,4
2814,1262,21
2815,1264,20
2816,1264,19
2817,1268,21
2818,1270,20
2819,1270,4
2820,1272,20
2821,1272,4
2822,1272,26
2823,1274,20
2824,1278,4
2825,1280,4
2826,1280,19
2827,1283,19
2828,1286,21
2829,1289,21
2830,1289,4
2831,1289,26
2832,1290,19
2833,1290,20
2834,1291,21
2835,1291,19
2836,1293,21
2837,1293,20
2838,1294,20
2839,1294,21
2840,1294,26
2841,1295,19
2842,1295,26
2843,1297,20
2844,1297,19
2845,1297,26
2846,1302,21
2847,1302,19
2848,1303,21
2849,1303,20
2850,1303,26
2851,1304,21
2852,1304,26
2853,1307,21
2854,1307,4
2855,1308,4
2856,1308,20
2857,1309,20
2858,1309,26
2859,1310,21
2860,1313,20
2861,1313,21
2862,1319,20
2863,1321,4
2864,1322,20
2865,1322,4
2866,1323,21
2867,1323,26
2868,1325,21
2869,1325,20
2870,1326,4
2871,1326,19
2872,1327,20
2873,1327,21
2874,1329,19
2875,1329,20
2876,1332,4
2877,1332,21
2878,1332,26
2879,1333,19
2880,1335,20
2881,1336,4
2882,1336,21
2883,1337,4
2884,1337,19
2885,1338,20
2886,1338,26
2887,1339,21
2888,1339,26
2889,1340,20
2890,1340,4
2891,1342,21
2892,1342,26
2893,1345,4
2894,1348,21
2895,1348,4
2896,1351,4
2897,1351,21
2898,1351,26
2899,1353,21
2900,1353,19
2901,1354,21
2902,1354,26
2903,1355,4
2904,1355,21
2905,1356,20
2906,1358,21
2907,1358,4
2908,1358,26
2909,1362,21
2910,1362,26
2911,1363,4
2912,1363,21
2913,1365,4
2914,1365,20
2915,1366,4
2916,1366,19
2917,1367,19
2918,1368,19
2919,1368,26
2920,1370,21
2921,1370,4
2922,1371,20
2923,1371,19
2924,1371,26
2925,1372,21
2926,1372,19
2927,1372,26
