trainee_id,name_or_anon_id,dob_year,gender,category,district_id,consent_flag,consent_ts
1,TR-00001,2005,Male,ST,2,1,2025-01-22
2,TR-00002,2000,Female,SC,3,1,2025-01-22
3,TR-00003,2006,Female,General,3,1,2025-01-22
4,TR-00004,1994,Female,ST,5,1,2025-01-22
5,TR-00005,1998,Other,ST,2,1,2025-01-22
6,TR-00006,1997,Male,ST,4,1,2025-01-22
7,TR-00007,1993,Female,General,5,1,2025-01-22
8,TR-00008,2005,Female,ST,4,1,2025-01-22
9,TR-00009,2002,Female,OBC,2,1,2025-01-22
10,TR-00010,1995,Male,SC,3,1,2025-01-22
11,TR-00011,1998,Female,General,4,1,2025-01-22
12,TR-00012,2007,Other,ST,4,1,2025-01-22
13,TR-00013,2007,Female,SC,2,1,2025-01-22
14,TR-00014,2002,Female,ST,1,1,2025-01-22
15,TR-00015,2006,Female,ST,4,1,2025-01-22
16,TR-00016,1995,Other,SC,4,1,2025-01-22
17,TR-00017,2003,Other,OBC,4,1,2025-01-22
18,TR-00018,2004,Female,ST,5,1,2025-01-22
19,TR-00019,2005,Other,OBC,5,1,2025-01-22
20,TR-00020,2003,Other,OBC,4,1,2025-01-22
21,TR-00021,1998,Female,ST,4,1,2025-01-22
22,TR-00022,1997,Other,General,3,1,2025-01-22
23,TR-00023,1997,Female,SC,1,1,2025-01-22
24,TR-00024,1998,Male,OBC,5,1,2025-01-22
25,TR-00025,2002,Male,General,4,1,2025-01-22
26,TR-00026,2006,Male,ST,5,1,2025-01-22
27,TR-00027,1994,Other,ST,3,1,2025-01-22
28,TR-00028,2003,Male,General,3,1,2025-01-22
29,TR-00029,1998,Other,General,2,1,2025-01-22
30,TR-00030,1992,Female,OBC,2,1,2025-01-22
31,TR-00031,1993,Male,SC,4,1,2025-01-22
32,TR-00032,1995,Male,ST,1,1,2025-01-22
33,TR-00033,1991,Male,General,5,1,2025-01-22
34,TR-00034,1990,Other,ST,5,1,2025-01-22
35,TR-00035,2005,Other,SC,2,1,2025-01-22
36,TR-00036,2004,Other,OBC,2,1,2025-01-22
37,TR-00037,2003,Female,SC,2,1,2025-01-22
38,TR-00038,2005,Female,OBC,2,1,2025-01-22
39,TR-00039,1993,Other,ST,4,1,2025-01-22
40,TR-00040,1992,Male,SC,2,1,2025-01-22
41,TR-00041,1999,Male,SC,1,1,2025-01-22
42,TR-00042,1998,Male,SC,4,1,2025-01-22
43,TR-00043,1998,Other,OBC,2,1,2025-01-22
44,TR-00044,2004,Female,OBC,1,1,2025-01-22
45,TR-00045,1999,Other,ST,4,1,2025-01-22
46,TR-00046,2007,Other,SC,3,1,2025-01-22
47,TR-00047,2004,Female,OBC,1,1,2025-01-22
48,TR-00048,1995,Male,General,1,1,2025-01-22
49,TR-00049,1994,Male,SC,1,1,2025-01-22
50,TR-00050,1994,Other,General,3,1,2025-01-22
51,TR-00051,1990,Other,SC,5,1,2025-01-22
52,TR-00052,2000,Male,General,3,1,2025-01-22
53,TR-00053,2003,Male,ST,4,1,2025-01-22
54,TR-00054,1997,Other,SC,5,1,2025-01-22
55,TR-00055,2003,Female,ST,1,1,2025-01-22
56,TR-00056,1992,Other,General,2,1,2025-01-22
57,TR-00057,1998,Other,General,3,1,2025-01-22
58,TR-00058,1991,Female,ST,2,1,2025-01-22
59,TR-00059,1999,Other,ST,3,1,2025-01-22
60,TR-00060,2006,Other,General,1,1,2025-01-22
61,TR-00061,1999,Male,ST,4,1,2025-01-22
62,TR-00062,1991,Other,ST,3,1,2025-01-22
63,TR-00063,1994,Female,SC,2,1,2025-01-22
64,TR-00064,2004,Other,General,4,1,2025-01-22
65,TR-00065,2003,Female,General,5,1,2025-01-22
66,TR-00066,2007,Female,ST,5,1,2025-01-22
67,TR-00067,1996,Female,SC,1,1,2025-01-22
68,TR-00068,1991,Other,OBC,3,1,2025-01-22
69,TR-00069,2004,Other,ST,3,1,2024-10-27
70,TR-00070,1994,Other,ST,5,1,2024-10-27
71,TR-00071,2004,Female,ST,1,1,2024-10-27
72,TR-00072,1992,Other,SC,3,1,2024-10-27
73,TR-00073,2000,Other,General,2,1,2024-10-27
74,TR-00074,1994,Female,SC,2,1,2024-10-27
75,TR-00075,1998,Other,OBC,1,1,2024-10-27
76,TR-00076,1994,Male,General,4,1,2024-10-27
77,TR-00077,2005,Male,General,5,1,2024-10-27
78,TR-00078,2001,Female,ST,4,1,2024-10-27
79,TR-00079,2007,Male,General,3,1,2024-10-27
80,TR-00080,1999,Other,SC,5,1,2024-10-27
81,TR-00081,1996,Female,ST,1,1,2024-10-27
82,TR-00082,1998,Other,SC,2,1,2024-10-27
83,TR-00083,1998,Other,SC,5,1,2024-10-27
84,TR-00084,1999,Other,General,3,1,2024-10-27
85,TR-00085,2004,Male,OBC,5,1,2024-10-27
86,TR-00086,1997,Female,General,3,1,2024-10-27
87,TR-00087,2006,Male,SC,1,1,2024-10-27
88,TR-00088,2007,Other,OBC,1,1,2024-10-27
89,TR-00089,1992,Other,General,3,1,2024-10-27
90,TR-00090,1995,Female,ST,4,1,2024-10-27
91,TR-00091,2004,Other,ST,3,1,2024-10-27
92,TR-00092,1997,Other,OBC,4,1,2024-10-27
93,TR-00093,2002,Other,SC,3,1,2024-10-27
94,TR-00094,1991,Male,ST,2,1,2024-10-27
95,TR-00095,2007,Female,ST,5,1,2024-10-27
96,TR-00096,1996,Male,SC,3,1,2024-10-27
97,TR-00097,2005,Female,General,5,1,2024-10-27
98,TR-00098,2007,Male,General,3,1,2024-10-27
99,TR-00099,2002,Male,ST,4,1,2024-10-27
100,TR-00100,1992,Male,ST,2,1,2024-10-27
101,TR-00101,1991,Female,OBC,5,1,2024-10-27
102,TR-00102,2006,Other,SC,1,1,2024-10-27
103,TR-00103,2000,Other,ST,1,1,2024-10-27
104,TR-00104,2001,Male,General,4,1,2024-10-27
105,TR-00105,2005,Female,SC,3,1,2024-10-27
106,TR-00106,1997,Male,ST,4,1,2024-10-27
107,TR-00107,2002,Female,ST,4,1,2024-10-27
108,TR-00108,2000,Male,General,4,1,2024-10-27
109,TR-00109,2006,Other,OBC,5,1,2024-10-27
110,TR-00110,1993,Other,OBC,3,1,2024-10-27
111,TR-00111,1998,Other,ST,1,1,2024-10-27
112,TR-00112,2007,Female,ST,2,1,2024-10-27
113,TR-00113,1990,Male,OBC,3,1,2024-10-27
114,TR-00114,2007,Female,ST,3,1,2024-10-27
115,TR-00115,2007,Female,SC,5,1,2024-10-27
116,TR-00116,2003,Male,ST,3,1,2024-10-27
117,TR-00117,2002,Other,SC,1,1,2024-10-27
118,TR-00118,1990,Female,OBC,4,1,2024-10-27
119,TR-00119,1999,Female,SC,2,1,2024-10-27
120,TR-00120,1997,Male,General,1,1,2024-10-27
121,TR-00121,2000,Female,OBC,4,1,2024-10-27
122,TR-00122,2000,Female,ST,3,1,2024-10-27
123,TR-00123,2006,Female,OBC,1,1,2024-10-27
124,TR-00124,1993,Female,OBC,2,1,2024-10-27
125,TR-00125,1995,Male,OBC,3,1,2024-10-27
126,TR-00126,1997,Female,ST,1,1,2024-10-27
127,TR-00127,2000,Female,ST,3,1,2024-10-27
128,TR-00128,1999,Other,OBC,5,1,2024-10-27
129,TR-00129,1998,Female,General,2,1,2024-10-27
130,TR-00130,1993,Female,General,2,1,2024-10-27
131,TR-00131,2007,Female,General,5,1,2024-10-27
132,TR-00132,1996,Female,SC,3,1,2024-10-27
133,TR-00133,2001,Other,SC,4,1,2024-10-27
134,TR-00134,2000,Other,SC,5,1,2024-10-27
135,TR-00135,1991,Female,OBC,3,1,2024-10-27
136,TR-00136,1994,Female,General,3,1,2024-10-27
137,TR-00137,2001,Male,General,1,1,2025-01-05
138,TR-00138,1993,Female,SC,3,1,2025-01-05
139,TR-00139,1991,Male,ST,1,1,2025-01-05
140,TR-00140,1991,Female,General,5,1,2025-01-05
141,TR-00141,1995,Female,OBC,4,1,2025-01-05
142,TR-00142,2006,Male,General,3,1,2025-01-05
143,TR-00143,2005,Male,SC,1,1,2025-01-05
144,TR-00144,1999,Male,ST,3,1,2025-01-05
145,TR-00145,2004,Male,SC,3,1,2025-01-05
146,TR-00146,2006,Male,General,4,1,2025-01-05
147,TR-00147,1994,Other,OBC,4,1,2025-01-05
148,TR-00148,1999,Other,General,3,1,2025-01-05
149,TR-00149,1999,Male,ST,4,1,2025-01-05
150,TR-00150,1999,Male,SC,2,1,2025-01-05
151,TR-00151,1991,Female,ST,3,1,2025-01-05
152,TR-00152,2006,Female,General,3,1,2025-01-05
153,TR-00153,1997,Female,OBC,1,1,2025-01-05
154,TR-00154,2003,Other,General,3,1,2025-01-05
155,TR-00155,2005,Female,General,5,1,2025-01-05
156,TR-00156,2000,Male,ST,2,1,2025-01-05
157,TR-00157,1990,Other,OBC,3,1,2025-01-05
158,TR-00158,1998,Other,SC,1,1,2025-01-05
159,TR-00159,1997,Other,SC,5,1,2025-01-05
160,TR-00160,1995,Female,ST,4,1,2025-01-05
161,TR-00161,1999,Other,OBC,5,1,2025-01-05
162,TR-00162,1995,Male,OBC,1,1,2025-01-05
163,TR-00163,2005,Other,OBC,4,1,2025-01-05
164,TR-00164,2000,Other,ST,5,1,2025-01-05
165,TR-00165,2006,Other,SC,2,1,2025-01-05
166,TR-00166,1993,Other,OBC,4,1,2025-01-05
167,TR-00167,1999,Male,OBC,2,1,2025-01-05
168,TR-00168,2002,Female,ST,1,1,2025-01-05
169,TR-00169,2006,Female,OBC,2,1,2025-01-05
170,TR-00170,2002,Male,SC,1,1,2025-01-05
171,TR-00171,2006,Other,ST,3,1,2025-01-05
172,TR-00172,2000,Female,General,4,1,2025-01-05
173,TR-00173,2007,Female,OBC,3,1,2025-01-05
174,TR-00174,1992,Male,ST,3,1,2025-01-05
175,TR-00175,1992,Male,OBC,5,1,2025-01-05
176,TR-00176,1992,Male,General,5,1,2025-01-05
177,TR-00177,1994,Other,SC,3,1,2025-01-05
178,TR-00178,2007,Other,ST,3,1,2025-01-05
179,TR-00179,2005,Male,General,2,1,2025-01-05
180,TR-00180,1998,Male,OBC,5,1,2025-01-05
181,TR-00181,1990,Other,OBC,4,1,2025-01-05
182,TR-00182,1995,Female,General,5,1,2025-01-05
183,TR-00183,1992,Female,ST,4,1,2025-01-05
184,TR-00184,2003,Female,ST,5,1,2025-01-05
185,TR-00185,2000,Male,SC,2,1,2025-01-05
186,TR-00186,1996,Other,ST,1,1,2025-01-05
187,TR-00187,1991,Female,ST,5,1,2025-01-05
188,TR-00188,2007,Male,SC,1,1,2025-01-05
189,TR-00189,1990,Male,General,4,1,2025-01-05
190,TR-00190,2000,Male,SC,2,1,2025-01-05
191,TR-00191,2002,Other,SC,1,1,2025-01-05
192,TR-00192,2000,Male,OBC,4,1,2025-01-05
193,TR-00193,2005,Other,OBC,2,1,2025-01-05
194,TR-00194,1991,Other,ST,2,1,2025-01-05
195,TR-00195,1996,Male,SC,4,1,2025-01-05
196,TR-00196,1995,Female,OBC,1,1,2025-01-05
197,TR-00197,1995,Other,SC,2,1,2025-01-05
198,TR-00198,2002,Female,General,2,1,2025-01-05
199,TR-00199,1991,Female,ST,5,1,2025-01-05
200,TR-00200,2004,Other,SC,4,1,2025-01-05
201,TR-00201,2004,Other,ST,5,1,2025-01-05
202,TR-00202,1997,Female,SC,5,1,2025-01-05
203,TR-00203,2004,Other,ST,1,1,2025-01-05
204,TR-00204,2002,Female,ST,3,1,2025-01-05
205,TR-00205,1993,Male,ST,5,1,2024-07-15
206,TR-00206,1993,Female,ST,2,1,2024-07-15
207,TR-00207,2000,Other,SC,2,1,2024-07-15
208,TR-00208,2001,Male,General,5,1,2024-07-15
209,TR-00209,1996,Female,ST,1,1,2024-07-15
210,TR-00210,2001,Other,General,4,1,2024-07-15
211,TR-00211,2007,Male,SC,2,1,2024-07-15
212,TR-00212,1994,Male,General,5,1,2024-07-15
213,TR-00213,2007,Other,OBC,3,1,2024-07-15
214,TR-00214,1991,Male,SC,1,1,2024-07-15
215,TR-00215,1990,Other,ST,2,1,2024-07-15
216,TR-00216,2007,Other,OBC,3,1,2024-07-15
217,TR-00217,1994,Male,OBC,2,1,2024-07-15
218,TR-00218,1994,Male,General,4,1,2024-07-15
219,TR-00219,2006,Female,SC,4,1,2024-07-15
220,TR-00220,2004,Other,General,1,1,2024-07-15
221,TR-00221,1993,Female,SC,3,1,2024-07-15
222,TR-00222,1991,Other,SC,3,1,2024-07-15
223,TR-00223,1998,Female,OBC,5,1,2024-07-15
224,TR-00224,1995,Male,General,2,1,2024-07-15
225,TR-00225,1995,Male,ST,3,1,2024-07-15
226,TR-00226,2006,Other,General,5,1,2024-07-15
227,TR-00227,2006,Other,ST,2,1,2024-07-15
228,TR-00228,2007,Female,ST,5,1,2024-07-15
229,TR-00229,1991,Female,SC,4,1,2024-07-15
230,TR-00230,2005,Female,OBC,1,1,2024-07-15
231,TR-00231,2000,Female,General,3,1,2024-07-15
232,TR-00232,1993,Other,General,1,1,2024-07-15
233,TR-00233,2003,Other,SC,3,1,2024-07-15
234,TR-00234,2007,Other,OBC,3,1,2024-07-15
235,TR-00235,1998,Female,SC,3,1,2024-07-15
236,TR-00236,1991,Other,SC,4,1,2024-07-15
237,TR-00237,1991,Male,ST,3,1,2024-07-15
238,TR-00238,1994,Female,General,5,1,2024-07-15
239,TR-00239,1994,Other,SC,3,1,2024-07-15
240,TR-00240,1994,Female,ST,4,1,2024-07-15
241,TR-00241,1999,Male,OBC,2,1,2024-07-15
242,TR-00242,2005,Female,ST,1,1,2024-07-15
243,TR-00243,1996,Other,SC,2,1,2024-07-15
244,TR-00244,2002,Other,SC,5,1,2024-07-15
245,TR-00245,2003,Other,OBC,5,1,2024-07-15
246,TR-00246,1995,Male,General,2,1,2024-07-15
247,TR-00247,1992,Female,ST,5,1,2024-07-15
248,TR-00248,1995,Other,General,4,1,2024-07-15
249,TR-00249,1991,Male,General,5,1,2024-07-15
250,TR-00250,2002,Female,ST,4,1,2024-07-15
251,TR-00251,1993,Other,SC,1,1,2024-07-15
252,TR-00252,1998,Male,General,3,1,2024-07-15
253,TR-00253,1991,Female,General,2,1,2024-07-15
254,TR-00254,1993,Other,General,2,1,2024-07-15
255,TR-00255,2002,Female,ST,2,1,2024-07-15
256,TR-00256,2007,Female,General,1,1,2024-07-15
257,TR-00257,2005,Female,ST,3,1,2024-07-15
258,TR-00258,1997,Female,General,5,1,2024-07-15
259,TR-00259,2002,Male,General,3,1,2024-07-15
260,TR-00260,1990,Female,General,1,1,2024-07-15
261,TR-00261,2006,Female,ST,5,1,2024-07-15
262,TR-00262,1993,Female,OBC,5,1,2024-07-15
263,TR-00263,2002,Male,OBC,2,1,2024-07-15
264,TR-00264,2005,Male,SC,2,1,2024-07-15
265,TR-00265,1997,Male,ST,2,1,2024-07-15
266,TR-00266,1990,Male,ST,4,1,2024-07-15
267,TR-00267,2006,Other,SC,1,1,2024-07-15
268,TR-00268,2001,Male,ST,3,1,2024-07-15
269,TR-00269,1994,Male,SC,5,1,2024-07-15
270,TR-00270,1994,Male,SC,1,1,2024-07-15
271,TR-00271,1995,Female,OBC,3,1,2024-07-15
272,TR-00272,1998,Male,OBC,4,1,2024-07-15
273,TR-00273,1994,Other,ST,3,1,2024-02-16
274,TR-00274,2006,Male,OBC,1,1,2024-02-16
275,TR-00275,1994,Other,General,4,1,2024-02-16
276,TR-00276,1992,Other,ST,3,1,2024-02-16
277,TR-00277,2004,Other,OBC,5,1,2024-02-16
278,TR-00278,2005,Female,SC,3,1,2024-02-16
279,TR-00279,1993,Male,General,4,1,2024-02-16
280,TR-00280,1993,Other,SC,3,1,2024-02-16
281,TR-00281,1992,Female,OBC,4,1,2024-02-16
282,TR-00282,1996,Female,General,1,1,2024-02-16
283,TR-00283,2001,Male,OBC,5,1,2024-02-16
284,TR-00284,2003,Female,SC,2,1,2024-02-16
285,TR-00285,1993,Male,ST,4,1,2024-02-16
286,TR-00286,2005,Other,SC,4,1,2024-02-16
287,TR-00287,1999,Other,ST,2,1,2024-02-16
288,TR-00288,2005,Male,OBC,5,1,2024-02-16
289,TR-00289,1999,Female,SC,1,1,2024-02-16
290,TR-00290,1996,Male,General,4,1,2024-02-16
291,TR-00291,2007,Female,General,4,1,2024-02-16
292,TR-00292,1998,Other,OBC,2,1,2024-02-16
293,TR-00293,2003,Male,General,1,1,2024-02-16
294,TR-00294,2006,Female,SC,5,1,2024-02-16
295,TR-00295,2003,Male,OBC,5,1,2024-02-16
296,TR-00296,1999,Female,General,3,1,2024-02-16
297,TR-00297,1998,Other,ST,2,1,2024-02-16
298,TR-00298,2005,Male,ST,1,1,2024-02-16
299,TR-00299,1994,Other,ST,5,1,2024-02-16
300,TR-00300,2003,Other,SC,4,1,2024-02-16
301,TR-00301,1997,Other,ST,3,1,2024-02-16
302,TR-00302,2002,Male,ST,5,1,2024-02-16
303,TR-00303,1998,Female,ST,2,1,2024-02-16
304,TR-00304,2007,Other,ST,2,1,2024-02-16
305,TR-00305,1995,Female,ST,2,1,2024-02-16
306,TR-00306,1996,Other,General,5,1,2024-02-16
307,TR-00307,2004,Male,OBC,1,1,2024-02-16
308,TR-00308,2003,Other,SC,4,1,2024-02-16
309,TR-00309,2006,Other,General,4,1,2024-02-16
310,TR-00310,1994,Other,SC,2,1,2024-02-16
311,TR-00311,1991,Female,ST,4,1,2024-02-16
312,TR-00312,2002,Other,ST,4,1,2024-02-16
313,TR-00313,1994,Other,ST,2,1,2024-02-16
314,TR-00314,1999,Other,ST,2,1,2024-02-16
315,TR-00315,2003,Male,SC,4,1,2024-02-16
316,TR-00316,2005,Female,General,5,1,2024-02-16
317,TR-00317,2005,Female,OBC,3,1,2024-02-16
318,TR-00318,1993,Other,OBC,2,1,2024-02-16
319,TR-00319,1998,Female,General,5,1,2024-02-16
320,TR-00320,2003,Female,OBC,4,1,2024-02-16
321,TR-00321,2000,Male,OBC,3,1,2024-02-16
322,TR-00322,1996,Male,General,4,1,2024-02-16
323,TR-00323,2006,Other,SC,2,1,2024-02-16
324,TR-00324,1997,Male,SC,5,1,2024-02-16
325,TR-00325,2005,Other,ST,3,1,2024-02-16
326,TR-00326,1995,Female,OBC,4,1,2024-02-16
327,TR-00327,1993,Other,OBC,5,1,2024-02-16
328,TR-00328,2007,Male,General,1,1,2024-02-16
329,TR-00329,1999,Other,General,1,1,2024-02-16
330,TR-00330,2006,Female,ST,1,1,2024-02-16
331,TR-00331,1990,Other,SC,4,1,2024-02-16
332,TR-00332,1994,Female,SC,3,1,2024-02-16
333,TR-00333,2000,Female,General,1,1,2024-02-16
334,TR-00334,1998,Other,General,1,1,2024-02-16
335,TR-00335,2004,Female,OBC,4,1,2024-02-16
336,TR-00336,1992,Male,General,5,1,2024-02-16
337,TR-00337,2005,Male,General,5,1,2024-02-16
338,TR-00338,1990,Male,SC,2,1,2024-02-16
339,TR-00339,1994,Male,OBC,1,1,2024-02-16
340,TR-00340,1991,Male,ST,2,1,2024-02-16
341,TR-00341,1998,Female,General,3,1,2024-10-23
342,TR-00342,1997,Female,ST,5,1,2024-10-23
343,TR-00343,1990,Male,ST,5,1,2024-10-23
344,TR-00344,1999,Other,ST,2,1,2024-10-23
345,TR-00345,2000,Other,SC,4,1,2024-10-23
346,TR-00346,1990,Other,General,3,1,2024-10-23
347,TR-00347,1995,Other,ST,3,1,2024-10-23
348,TR-00348,2005,Female,General,5,1,2024-10-23
349,TR-00349,2002,Female,SC,2,1,2024-10-23
350,TR-00350,2006,Other,General,5,1,2024-10-23
351,TR-00351,1990,Male,OBC,4,1,2024-10-23
352,TR-00352,2000,Female,ST,3,1,2024-10-23
353,TR-00353,1999,Female,OBC,4,1,2024-10-23
354,TR-00354,2002,Female,OBC,1,1,2024-10-23
355,TR-00355,1999,Other,OBC,2,1,2024-10-23
356,TR-00356,2002,Other,OBC,4,1,2024-10-23
357,TR-00357,2002,Male,ST,4,1,2024-10-23
358,TR-00358,1994,Male,SC,3,1,2024-10-23
359,TR-00359,1991,Other,General,4,1,2024-10-23
360,TR-00360,1996,Other,ST,2,1,2024-10-23
361,TR-00361,2000,Other,ST,1,1,2024-10-23
362,TR-00362,1999,Female,ST,1,1,2024-10-23
363,TR-00363,1996,Other,General,2,1,2024-10-23
364,TR-00364,1997,Other,General,2,1,2024-10-23
365,TR-00365,2003,Female,SC,4,1,2024-10-23
366,TR-00366,1992,Male,General,5,1,2024-10-23
367,TR-00367,1998,Other,SC,4,1,2024-10-23
368,TR-00368,2002,Other,General,4,1,2024-10-23
369,TR-00369,1990,Female,ST,3,1,2024-10-23
370,TR-00370,2006,Male,SC,4,1,2024-10-23
371,TR-00371,1990,Other,OBC,3,1,2024-10-23
372,TR-00372,1994,Female,General,4,1,2024-10-23
373,TR-00373,2003,Male,General,3,1,2024-10-23
374,TR-00374,1997,Other,SC,3,1,2024-10-23
375,TR-00375,1993,Female,SC,1,1,2024-10-23
376,TR-00376,1997,Male,ST,3,1,2024-10-23
377,TR-00377,2002,Male,OBC,4,1,2024-10-23
378,TR-00378,1999,Female,OBC,4,1,2024-10-23
379,TR-00379,1997,Female,General,4,1,2024-10-23
380,TR-00380,2005,Male,General,1,1,2024-10-23
381,TR-00381,1993,Female,OBC,2,1,2024-10-23
382,TR-00382,1993,Female,OBC,3,1,2024-10-23
383,TR-00383,2001,Other,OBC,5,1,2024-10-23
384,TR-00384,1996,Female,SC,5,1,2024-10-23
385,TR-00385,1998,Female,General,2,1,2024-10-23
386,TR-00386,2002,Male,OBC,5,1,2024-10-23
387,TR-00387,1999,Male,SC,1,1,2024-10-23
388,TR-00388,1991,Other,ST,5,1,2024-10-23
389,TR-00389,1995,Female,SC,2,1,2024-10-23
390,TR-00390,1995,Male,General,4,1,2024-10-23
391,TR-00391,1999,Male,ST,1,1,2024-10-23
392,TR-00392,2003,Male,OBC,1,1,2024-10-23
393,TR-00393,1994,Male,ST,1,1,2024-10-23
394,TR-00394,1994,Female,SC,1,1,2024-10-23
395,TR-00395,1997,Other,ST,3,1,2024-10-23
396,TR-00396,1995,Female,OBC,5,1,2024-10-23
397,TR-00397,1990,Female,SC,1,1,2024-10-23
398,TR-00398,1998,Male,SC,2,1,2024-10-23
399,TR-00399,1999,Other,ST,3,1,2024-10-23
400,TR-00400,2005,Other,General,4,1,2024-10-23
401,TR-00401,1991,Other,OBC,2,1,2024-10-23
402,TR-00402,1998,Female,OBC,2,1,2024-10-23
403,TR-00403,1993,Other,ST,5,1,2024-10-23
404,TR-00404,1990,Male,OBC,3,1,2024-10-23
405,TR-00405,1991,Female,OBC,1,1,2024-10-23
406,TR-00406,1993,Other,SC,1,1,2024-10-23
407,TR-00407,2003,Male,OBC,2,1,2024-10-23
408,TR-00408,2005,Female,General,1,1,2024-10-23
409,TR-00409,1990,Female,OBC,1,1,2024-08-26
410,TR-00410,1992,Female,ST,4,1,2024-08-26
411,TR-00411,1992,Female,SC,2,1,2024-08-26
412,TR-00412,2001,Other,ST,1,1,2024-08-26
413,TR-00413,2003,Male,General,1,1,2024-08-26
414,TR-00414,1991,Other,OBC,1,1,2024-08-26
415,TR-00415,2007,Other,SC,4,1,2024-08-26
416,TR-00416,1998,Female,ST,2,1,2024-08-26
417,TR-00417,1996,Other,General,1,1,2024-08-26
418,TR-00418,2002,Other,SC,3,1,2024-08-26
419,TR-00419,1994,Other,OBC,2,1,2024-08-26
420,TR-00420,2000,Male,OBC,5,1,2024-08-26
421,TR-00421,1997,Female,General,4,1,2024-08-26
422,TR-00422,1994,Male,General,1,1,2024-08-26
423,TR-00423,2001,Other,SC,4,1,2024-08-26
424,TR-00424,1993,Male,ST,2,1,2024-08-26
425,TR-00425,1996,Female,OBC,4,1,2024-08-26
426,TR-00426,1992,Female,General,2,1,2024-08-26
427,TR-00427,2006,Female,SC,4,1,2024-08-26
428,TR-00428,1995,Female,SC,3,1,2024-08-26
429,TR-00429,2003,Male,General,1,1,2024-08-26
430,TR-00430,1993,Female,OBC,5,1,2024-08-26
431,TR-00431,2002,Female,SC,5,1,2024-08-26
432,TR-00432,2001,Female,SC,3,1,2024-08-26
433,TR-00433,2003,Male,SC,4,1,2024-08-26
434,TR-00434,1993,Male,General,4,1,2024-08-26
435,TR-00435,1996,Female,ST,4,1,2024-08-26
436,TR-00436,2004,Male,ST,3,1,2024-08-26
437,TR-00437,2006,Male,SC,2,1,2024-08-26
438,TR-00438,1997,Female,ST,4,1,2024-08-26
439,TR-00439,2006,Other,SC,3,1,2024-08-26
440,TR-00440,1996,Other,ST,4,1,2024-08-26
441,TR-00441,2007,Female,SC,3,1,2024-08-26
442,TR-00442,1994,Other,General,1,1,2024-08-26
443,TR-00443,1995,Male,General,2,1,2024-08-26
444,TR-00444,1990,Male,OBC,2,1,2024-08-26
445,TR-00445,1996,Female,SC,4,1,2024-08-26
446,TR-00446,1993,Other,ST,3,1,2024-08-26
447,TR-00447,2001,Female,SC,3,1,2024-08-26
448,TR-00448,2005,Female,SC,4,1,2024-08-26
449,TR-00449,1999,Male,SC,4,1,2024-08-26
450,TR-00450,1990,Other,General,5,1,2024-08-26
451,TR-00451,2005,Other,ST,2,1,2024-08-26
452,TR-00452,1999,Other,General,3,1,2024-08-26
453,TR-00453,1997,Male,ST,2,1,2024-08-26
454,TR-00454,2004,Female,SC,1,1,2024-08-26
455,TR-00455,2001,Male,General,4,1,2024-08-26
456,TR-00456,1998,Female,General,1,1,2024-08-26
457,TR-00457,2002,Male,General,4,1,2024-08-26
458,TR-00458,1996,Male,SC,2,1,2024-08-26
459,TR-00459,1990,Male,OBC,4,1,2024-08-26
460,TR-00460,2005,Female,SC,5,1,2024-08-26
461,TR-00461,2002,Other,ST,3,1,2024-08-26
462,TR-00462,1990,Male,General,3,1,2024-08-26
463,TR-00463,2002,Male,ST,2,1,2024-08-26
464,TR-00464,2004,Male,ST,3,1,2024-08-26
465,TR-00465,2004,Female,General,5,1,2024-08-26
466,TR-00466,2000,Other,General,1,1,2024-08-26
467,TR-00467,2006,Other,General,1,1,2024-08-26
468,TR-00468,2005,Female,OBC,4,1,2024-08-26
469,TR-00469,1993,Male,OBC,5,1,2024-08-26
470,TR-00470,2006,Other,OBC,2,1,2024-08-26
471,TR-00471,2001,Other,SC,4,1,2024-08-26
472,TR-00472,1996,Male,ST,5,1,2024-08-26
473,TR-00473,2002,Female,General,5,1,2024-08-26
474,TR-00474,1993,Other,General,2,1,2024-08-26
475,TR-00475,2007,Female,OBC,2,1,2024-08-26
476,TR-00476,2007,Female,SC,4,1,2024-08-26
477,TR-00477,1996,Female,ST,4,1,2025-01-24
478,TR-00478,2004,Male,ST,1,1,2025-01-24
479,TR-00479,1997,Other,SC,5,1,2025-01-24
480,TR-00480,1998,Other,General,4,1,2025-01-24
481,TR-00481,2000,Female,OBC,2,1,2025-01-24
482,TR-00482,1997,Female,General,3,1,2025-01-24
483,TR-00483,2007,Other,ST,2,1,2025-01-24
484,TR-00484,1991,Female,OBC,5,1,2025-01-24
485,TR-00485,2007,Male,OBC,3,1,2025-01-24
486,TR-00486,2001,Male,ST,1,1,2025-01-24
487,TR-00487,2002,Male,General,5,1,2025-01-24
488,TR-00488,2003,Male,General,5,1,2025-01-24
489,TR-00489,2007,Male,ST,3,1,2025-01-24
490,TR-00490,2000,Male,OBC,5,1,2025-01-24
491,TR-00491,1994,Female,OBC,4,1,2025-01-24
492,TR-00492,1993,Female,ST,3,1,2025-01-24
493,TR-00493,2006,Other,SC,3,1,2025-01-24
494,TR-00494,1997,Male,OBC,3,1,2025-01-24
495,TR-00495,1999,Male,SC,3,1,2025-01-24
496,TR-00496,2002,Male,SC,5,1,2025-01-24
497,TR-00497,1994,Female,SC,1,1,2025-01-24
498,TR-00498,2000,Female,SC,3,1,2025-01-24
499,TR-00499,1990,Male,General,2,1,2025-01-24
500,TR-00500,2006,Female,ST,4,1,2025-01-24
501,TR-00501,2003,Male,SC,4,1,2025-01-24
502,TR-00502,1990,Female,OBC,1,1,2025-01-24
503,TR-00503,2001,Male,OBC,2,1,2025-01-24
504,TR-00504,2002,Other,SC,4,1,2025-01-24
505,TR-00505,2006,Female,ST,3,1,2025-01-24
506,TR-00506,2000,Male,ST,3,1,2025-01-24
507,TR-00507,2001,Other,General,3,1,2025-01-24
508,TR-00508,1990,Female,OBC,3,1,2025-01-24
509,TR-00509,2002,Female,SC,4,1,2025-01-24
510,TR-00510,2005,Male,SC,5,1,2025-01-24
511,TR-00511,1993,Other,OBC,1,1,2025-01-24
512,TR-00512,2007,Male,SC,4,1,2025-01-24
513,TR-00513,2003,Male,SC,1,1,2025-01-24
514,TR-00514,1995,Female,ST,4,1,2025-01-24
515,TR-00515,1996,Female,General,3,1,2025-01-24
516,TR-00516,1993,Other,OBC,2,1,2025-01-24
517,TR-00517,2006,Male,ST,2,1,2025-01-24
518,TR-00518,1994,Male,ST,3,1,2025-01-24
519,TR-00519,2001,Female,General,4,1,2025-01-24
520,TR-00520,1996,Other,OBC,4,1,2025-01-24
521,TR-00521,2001,Other,OBC,4,1,2025-01-24
522,TR-00522,2001,Male,General,1,1,2025-01-24
523,TR-00523,1995,Female,General,2,1,2025-01-24
524,TR-00524,1994,Other,SC,5,1,2025-01-24
525,TR-00525,2004,Female,OBC,3,1,2025-01-24
526,TR-00526,1999,Female,ST,2,1,2025-01-24
527,TR-00527,2002,Female,OBC,5,1,2025-01-24
528,TR-00528,2004,Other,SC,2,1,2025-01-24
529,TR-00529,2002,Male,OBC,4,1,2025-01-24
530,TR-00530,1996,Other,OBC,5,1,2025-01-24
531,TR-00531,1994,Male,ST,3,1,2025-01-24
532,TR-00532,1999,Male,General,2,1,2025-01-24
533,TR-00533,2003,Other,ST,3,1,2025-01-24
534,TR-00534,1997,Other,OBC,1,1,2025-01-24
535,TR-00535,2004,Female,SC,1,1,2025-01-24
536,TR-00536,1995,Male,OBC,1,1,2025-01-24
537,TR-00537,1990,Male,SC,2,1,2025-01-24
538,TR-00538,2004,Male,General,1,1,2025-01-24
539,TR-00539,1991,Other,ST,3,1,2025-01-24
540,TR-00540,2002,Other,General,1,1,2025-01-24
541,TR-00541,1998,Other,OBC,4,1,2025-01-24
542,TR-00542,2004,Other,ST,5,1,2025-01-24
543,TR-00543,2000,Male,ST,3,1,2025-01-24
544,TR-00544,2001,Other,ST,2,1,2025-01-24
545,TR-00545,1997,Male,OBC,4,1,2025-04-09
546,TR-00546,2005,Male,SC,4,1,2025-04-09
547,TR-00547,1990,Other,SC,3,1,2025-04-09
548,TR-00548,2003,Male,ST,5,1,2025-04-09
549,TR-00549,1995,Male,OBC,2,1,2025-04-09
550,TR-00550,2004,Female,ST,4,1,2025-04-09
551,TR-00551,2000,Female,OBC,1,1,2025-04-09
552,TR-00552,2006,Other,ST,4,1,2025-04-09
553,TR-00553,2000,Male,ST,3,1,2025-04-09
554,TR-00554,1996,Other,SC,1,1,2025-04-09
555,TR-00555,1997,Female,SC,2,1,2025-04-09
556,TR-00556,1997,Male,OBC,2,1,2025-04-09
557,TR-00557,1996,Male,General,1,1,2025-04-09
558,TR-00558,1995,Male,ST,4,1,2025-04-09
559,TR-00559,1992,Male,SC,2,1,2025-04-09
560,TR-00560,2005,Other,ST,5,1,2025-04-09
561,TR-00561,2001,Female,SC,3,1,2025-04-09
562,TR-00562,2002,Male,General,4,1,2025-04-09
563,TR-00563,2004,Male,General,2,1,2025-04-09
564,TR-00564,1990,Male,ST,3,1,2025-04-09
565,TR-00565,2000,Male,SC,1,1,2025-04-09
566,TR-00566,2000,Male,ST,1,1,2025-04-09
567,TR-00567,2001,Female,ST,5,1,2025-04-09
568,TR-00568,2005,Male,SC,5,1,2025-04-09
569,TR-00569,2004,Other,ST,3,1,2025-04-09
570,TR-00570,2007,Other,General,1,1,2025-04-09
571,TR-00571,1997,Other,OBC,3,1,2025-04-09
572,TR-00572,2001,Female,OBC,2,1,2025-04-09
573,TR-00573,2003,Female,OBC,3,1,2025-04-09
574,TR-00574,1991,Female,OBC,3,1,2025-04-09
575,TR-00575,2001,Male,SC,4,1,2025-04-09
576,TR-00576,2005,Female,OBC,1,1,2025-04-09
577,TR-00577,2000,Other,SC,2,1,2025-04-09
578,TR-00578,2000,Male,SC,2,1,2025-04-09
579,TR-00579,1991,Female,OBC,4,1,2025-04-09
580,TR-00580,1995,Male,SC,2,1,2025-04-09
581,TR-00581,1996,Other,ST,3,1,2025-04-09
582,TR-00582,1993,Female,SC,4,1,2025-04-09
583,TR-00583,2006,Female,SC,2,1,2025-04-09
584,TR-00584,2007,Other,SC,3,1,2025-04-09
585,TR-00585,1990,Other,General,3,1,2025-04-09
586,TR-00586,2004,Male,General,2,1,2025-04-09
587,TR-00587,2003,Female,General,4,1,2025-04-09
588,TR-00588,2006,Male,ST,3,1,2025-04-09
589,TR-00589,1997,Male,ST,1,1,2025-04-09
590,TR-00590,2001,Male,OBC,3,1,2025-04-09
591,TR-00591,2002,Male,ST,1,1,2025-04-09
592,TR-00592,1994,Other,SC,3,1,2025-04-09
593,TR-00593,1992,Male,OBC,3,1,2025-04-09
594,TR-00594,2002,Other,SC,5,1,2025-04-09
595,TR-00595,2001,Female,SC,3,1,2025-04-09
596,TR-00596,2007,Other,OBC,2,1,2025-04-09
597,TR-00597,2000,Female,OBC,5,1,2025-04-09
598,TR-00598,2005,Male,OBC,1,1,2025-04-09
599,TR-00599,1995,Female,General,5,1,2025-04-09
600,TR-00600,2000,Male,General,1,1,2025-04-09
601,TR-00601,2001,Other,OBC,5,1,2025-04-09
602,TR-00602,2004,Female,General,2,1,2025-04-09
603,TR-00603,1999,Female,SC,3,1,2025-04-09
604,TR-00604,1993,Other,General,5,1,2025-04-09
605,TR-00605,2000,Other,ST,1,1,2025-04-09
606,TR-00606,2006,Female,OBC,1,1,2025-04-09
607,TR-00607,1993,Male,OBC,2,1,2025-04-09
608,TR-00608,2003,Other,SC,3,1,2025-04-09
609,TR-00609,2003,Male,ST,1,1,2025-04-09
610,TR-00610,1990,Other,ST,5,1,2025-04-09
611,TR-00611,1997,Female,General,2,1,2025-04-09
612,TR-00612,2006,Female,ST,2,1,2025-04-09
613,TR-00613,2000,Female,General,2,1,2024-06-15
614,TR-00614,2004,Female,General,3,1,2024-06-15
615,TR-00615,1994,Female,OBC,1,1,2024-06-15
616,TR-00616,2002,Other,General,1,1,2024-06-15
617,TR-00617,1995,Male,General,3,1,2024-06-15
618,TR-00618,2001,Male,ST,5,1,2024-06-15
619,TR-00619,1994,Other,ST,5,1,2024-06-15
620,TR-00620,1996,Other,OBC,3,1,2024-06-15
621,TR-00621,2004,Female,General,2,1,2024-06-15
622,TR-00622,2001,Other,ST,1,1,2024-06-15
623,TR-00623,1995,Male,SC,4,1,2024-06-15
624,TR-00624,1990,Male,ST,5,1,2024-06-15
625,TR-00625,1990,Female,General,1,1,2024-06-15
626,TR-00626,1993,Other,General,3,1,2024-06-15
627,TR-00627,1995,Female,General,1,1,2024-06-15
628,TR-00628,1996,Female,General,2,1,2024-06-15
629,TR-00629,1997,Female,ST,3,1,2024-06-15
630,TR-00630,1990,Other,General,4,1,2024-06-15
631,TR-00631,1992,Other,SC,5,1,2024-06-15
632,TR-00632,2003,Female,OBC,4,1,2024-06-15
633,TR-00633,1990,Male,OBC,3,1,2024-06-15
634,TR-00634,1997,Other,ST,2,1,2024-06-15
635,TR-00635,2005,Male,SC,3,1,2024-06-15
636,TR-00636,1992,Male,ST,3,1,2024-06-15
637,TR-00637,1993,Male,General,5,1,2024-06-15
638,TR-00638,2003,Other,General,4,1,2024-06-15
639,TR-00639,2007,Male,SC,3,1,2024-06-15
640,TR-00640,1992,Female,OBC,4,1,2024-06-15
641,TR-00641,2001,Male,General,3,1,2024-06-15
642,TR-00642,1997,Female,OBC,2,1,2024-06-15
643,TR-00643,2006,Male,ST,1,1,2024-06-15
644,TR-00644,2007,Female,General,4,1,2024-06-15
645,TR-00645,2004,Other,ST,1,1,2024-06-15
646,TR-00646,1996,Male,ST,3,1,2024-06-15
647,TR-00647,2003,Other,SC,2,1,2024-06-15
648,TR-00648,1999,Female,General,1,1,2024-06-15
649,TR-00649,1993,Other,General,2,1,2024-06-15
650,TR-00650,1991,Other,General,1,1,2024-06-15
651,TR-00651,1998,Female,SC,2,1,2024-06-15
652,TR-00652,2003,Other,ST,1,1,2024-06-15
653,TR-00653,2001,Male,ST,1,1,2024-06-15
654,TR-00654,1994,Male,SC,5,1,2024-06-15
655,TR-00655,2000,Other,OBC,2,1,2024-06-15
656,TR-00656,1992,Male,General,4,1,2024-06-15
657,TR-00657,1994,Other,OBC,4,1,2024-06-15
658,TR-00658,1994,Female,SC,4,1,2024-06-15
659,TR-00659,1996,Female,General,1,1,2024-06-15
660,TR-00660,1992,Female,SC,2,1,2024-06-15
661,TR-00661,1999,Male,ST,1,1,2024-06-15
662,TR-00662,2005,Male,General,1,1,2024-06-15
663,TR-00663,2002,Other,SC,4,1,2024-06-15
664,TR-00664,1993,Other,ST,3,1,2024-06-15
665,TR-00665,2000,Male,General,5,1,2024-06-15
666,TR-00666,1990,Male,ST,5,1,2024-06-15
667,TR-00667,1996,Male,SC,2,1,2024-06-15
668,TR-00668,2003,Female,General,5,1,2024-06-15
669,TR-00669,1994,Other,OBC,1,1,2024-06-15
670,TR-00670,1995,Female,ST,1,1,2024-06-15
671,TR-00671,2003,Other,General,1,1,2024-06-15
672,TR-00672,2001,Male,ST,1,1,2024-06-15
673,TR-00673,2000,Male,ST,5,1,2024-06-15
674,TR-00674,1994,Male,SC,5,1,2024-06-15
675,TR-00675,1996,Other,SC,3,1,2024-06-15
676,TR-00676,2007,Male,General,4,1,2024-06-15
677,TR-00677,2005,Male,SC,3,1,2024-06-15
678,TR-00678,1993,Male,SC,1,1,2024-06-15
679,TR-00679,1995,Female,OBC,5,1,2024-06-15
680,TR-00680,2002,Male,OBC,5,1,2024-06-15
681,TR-00681,2002,Female,ST,1,1,2024-12-29
682,TR-00682,2004,Male,General,4,1,2024-12-29
683,TR-00683,1994,Male,OBC,4,1,2024-12-29
684,TR-00684,1995,Other,General,3,1,2024-12-29
685,TR-00685,1990,Male,OBC,2,1,2024-12-29
686,TR-00686,2004,Other,ST,3,1,2024-12-29
687,TR-00687,2001,Male,General,1,1,2024-12-29
688,TR-00688,1998,Male,ST,4,1,2024-12-29
689,TR-00689,1991,Female,OBC,4,1,2024-12-29
690,TR-00690,1993,Female,SC,1,1,2024-12-29
691,TR-00691,2001,Female,ST,5,1,2024-12-29
692,TR-00692,1994,Female,General,2,1,2024-12-29
693,TR-00693,1992,Female,ST,4,1,2024-12-29
694,TR-00694,2000,Other,SC,4,1,2024-12-29
695,TR-00695,1999,Male,ST,5,1,2024-12-29
696,TR-00696,1993,Female,OBC,3,1,2024-12-29
697,TR-00697,1993,Other,SC,2,1,2024-12-29
698,TR-00698,1999,Female,OBC,2,1,2024-12-29
699,TR-00699,2001,Other,General,3,1,2024-12-29
700,TR-00700,1993,Female,General,3,1,2024-12-29
701,TR-00701,2002,Male,General,2,1,2024-12-29
702,TR-00702,1999,Female,General,5,1,2024-12-29
703,TR-00703,1996,Female,ST,3,1,2024-12-29
704,TR-00704,2005,Other,General,2,1,2024-12-29
705,TR-00705,2003,Female,ST,3,1,2024-12-29
706,TR-00706,2002,Other,OBC,5,1,2024-12-29
707,TR-00707,2007,Male,ST,5,1,2024-12-29
708,TR-00708,1992,Male,ST,4,1,2024-12-29
709,TR-00709,1997,Male,SC,3,1,2024-12-29
710,TR-00710,1991,Male,OBC,3,1,2024-12-29
711,TR-00711,2007,Other,SC,4,1,2024-12-29
712,TR-00712,1993,Female,OBC,2,1,2024-12-29
713,TR-00713,1995,Female,ST,3,1,2024-12-29
714,TR-00714,1993,Male,SC,5,1,2024-12-29
715,TR-00715,2006,Other,OBC,2,1,2024-12-29
716,TR-00716,2003,Female,ST,4,1,2024-12-29
717,TR-00717,1997,Other,ST,1,1,2024-12-29
718,TR-00718,2007,Female,OBC,5,1,2024-12-29
719,TR-00719,2006,Male,General,1,1,2024-12-29
720,TR-00720,2007,Other,SC,1,1,2024-12-29
721,TR-00721,2000,Female,OBC,1,1,2024-12-29
722,TR-00722,2005,Female,OBC,1,1,2024-12-29
723,TR-00723,1990,Other,SC,4,1,2024-12-29
724,TR-00724,1991,Male,OBC,2,1,2024-12-29
725,TR-00725,2002,Other,ST,2,1,2024-12-29
726,TR-00726,1994,Female,SC,4,1,2024-12-29
727,TR-00727,2003,Female,SC,1,1,2024-12-29
728,TR-00728,2000,Male,ST,3,1,2024-12-29
729,TR-00729,2004,Other,SC,1,1,2024-12-29
730,TR-00730,2006,Other,OBC,5,1,2024-12-29
731,TR-00731,1990,Female,General,5,1,2024-12-29
732,TR-00732,2005,Female,SC,3,1,2024-12-29
733,TR-00733,1993,Male,ST,4,1,2024-12-29
734,TR-00734,1998,Other,OBC,1,1,2024-12-29
735,TR-00735,1995,Other,General,5,1,2024-12-29
736,TR-00736,1993,Female,OBC,3,1,2024-12-29
737,TR-00737,2004,Female,ST,3,1,2024-12-29
738,TR-00738,2003,Female,OBC,1,1,2024-12-29
739,TR-00739,1993,Other,OBC,5,1,2024-12-29
740,TR-00740,2007,Male,ST,1,1,2024-12-29
741,TR-00741,1995,Other,OBC,5,1,2024-12-29
742,TR-00742,2003,Other,General,1,1,2024-12-29
743,TR-00743,1991,Other,General,3,1,2024-12-29
744,TR-00744,1991,Male,ST,5,1,2024-12-29
745,TR-00745,2001,Male,OBC,1,1,2024-12-29
746,TR-00746,1993,Male,SC,1,1,2024-12-29
747,TR-00747,1995,Other,SC,3,1,2024-12-29
748,TR-00748,2002,Female,SC,2,1,2024-12-29
749,TR-00749,2000,Other,OBC,3,1,2024-09-30
750,TR-00750,1993,Other,General,4,1,2024-09-30
751,TR-00751,2006,Female,General,5,1,2024-09-30
752,TR-00752,1998,Other,SC,4,1,2024-09-30
753,TR-00753,1996,Male,SC,1,1,2024-09-30
754,TR-00754,1992,Female,SC,5,1,2024-09-30
755,TR-00755,1994,Other,ST,3,1,2024-09-30
756,TR-00756,1991,Other,OBC,2,1,2024-09-30
757,TR-00757,2002,Female,ST,1,1,2024-09-30
758,TR-00758,1993,Female,OBC,2,1,2024-09-30
759,TR-00759,2000,Male,OBC,2,1,2024-09-30
760,TR-00760,1992,Male,SC,5,1,2024-09-30
761,TR-00761,1995,Male,ST,3,1,2024-09-30
762,TR-00762,1996,Female,OBC,2,1,2024-09-30
763,TR-00763,2007,Other,OBC,3,1,2024-09-30
764,TR-00764,1997,Other,OBC,3,1,2024-09-30
765,TR-00765,2001,Other,OBC,5,1,2024-09-30
766,TR-00766,2001,Male,General,4,1,2024-09-30
767,TR-00767,2005,Female,General,2,1,2024-09-30
768,TR-00768,2002,Male,General,4,1,2024-09-30
769,TR-00769,1992,Female,OBC,2,1,2024-09-30
770,TR-00770,1992,Male,General,1,1,2024-09-30
771,TR-00771,2003,Other,OBC,4,1,2024-09-30
772,TR-00772,1992,Female,OBC,3,1,2024-09-30
773,TR-00773,2001,Other,OBC,3,1,2024-09-30
774,TR-00774,1992,Other,SC,4,1,2024-09-30
775,TR-00775,2000,Female,OBC,5,1,2024-09-30
776,TR-00776,1992,Male,OBC,2,1,2024-09-30
777,TR-00777,1990,Male,OBC,4,1,2024-09-30
778,TR-00778,2007,Other,ST,5,1,2024-09-30
779,TR-00779,2007,Male,General,3,1,2024-09-30
780,TR-00780,1991,Other,OBC,3,1,2024-09-30
781,TR-00781,2006,Male,OBC,3,1,2024-09-30
782,TR-00782,1992,Other,General,5,1,2024-09-30
783,TR-00783,2002,Other,OBC,4,1,2024-09-30
784,TR-00784,1991,Other,SC,3,1,2024-09-30
785,TR-00785,2002,Other,SC,4,1,2024-09-30
786,TR-00786,1996,Other,General,2,1,2024-09-30
787,TR-00787,1993,Other,ST,5,1,2024-09-30
788,TR-00788,2007,Male,General,4,1,2024-09-30
789,TR-00789,1997,Female,OBC,3,1,2024-09-30
790,TR-00790,1992,Female,ST,5,1,2024-09-30
791,TR-00791,1993,Female,ST,5,1,2024-09-30
792,TR-00792,2006,Other,SC,2,1,2024-09-30
793,TR-00793,2003,Female,SC,4,1,2024-09-30
794,TR-00794,1994,Male,General,5,1,2024-09-30
795,TR-00795,2000,Male,ST,1,1,2024-09-30
796,TR-00796,2007,Other,OBC,4,1,2024-09-30
797,TR-00797,1999,Female,General,3,1,2024-09-30
798,TR-00798,1995,Male,ST,5,1,2024-09-30
799,TR-00799,2002,Female,OBC,1,1,2024-09-30
800,TR-00800,1996,Female,ST,4,1,2024-09-30
801,TR-00801,1990,Male,OBC,2,1,2024-09-30
802,TR-00802,1998,Male,General,3,1,2024-09-30
803,TR-00803,1995,Male,SC,2,1,2024-09-30
804,TR-00804,2004,Other,ST,2,1,2024-09-30
805,TR-00805,2007,Other,OBC,2,1,2024-09-30
806,TR-00806,2001,Male,General,2,1,2024-09-30
807,TR-00807,2005,Other,ST,5,1,2024-09-30
808,TR-00808,1997,Male,General,3,1,2024-09-30
809,TR-00809,1996,Female,OBC,5,1,2024-09-30
810,TR-00810,2005,Female,General,5,1,2024-09-30
811,TR-00811,1991,Female,General,2,1,2024-09-30
812,TR-00812,1997,Female,OBC,4,1,2024-09-30
813,TR-00813,2002,Male,OBC,4,1,2024-09-30
814,TR-00814,1994,Other,SC,2,1,2024-09-30
815,TR-00815,2001,Other,ST,3,1,2024-09-30
816,TR-00816,2001,Female,ST,2,1,2024-09-30
817,TR-00817,1991,Male,General,4,1,2024-06-24
818,TR-00818,1997,Other,SC,1,1,2024-06-24
819,TR-00819,2001,Male,ST,1,1,2024-06-24
820,TR-00820,2006,Female,General,1,1,2024-06-24
821,TR-00821,1993,Male,ST,2,1,2024-06-24
822,TR-00822,2003,Male,General,1,1,2024-06-24
823,TR-00823,1990,Male,OBC,5,1,2024-06-24
824,TR-00824,2004,Male,ST,2,1,2024-06-24
825,TR-00825,2004,Other,ST,1,1,2024-06-24
826,TR-00826,1999,Other,ST,1,1,2024-06-24
827,TR-00827,1992,Female,ST,2,1,2024-06-24
828,TR-00828,1999,Female,ST,5,1,2024-06-24
829,TR-00829,1995,Male,OBC,3,1,2024-06-24
830,TR-00830,2004,Other,OBC,5,1,2024-06-24
831,TR-00831,1998,Female,General,1,1,2024-06-24
832,TR-00832,2006,Other,ST,5,1,2024-06-24
833,TR-00833,2006,Other,OBC,3,1,2024-06-24
834,TR-00834,2002,Female,General,5,1,2024-06-24
835,TR-00835,1998,Female,ST,1,1,2024-06-24
836,TR-00836,1999,Other,ST,4,1,2024-06-24
837,TR-00837,1998,Other,ST,2,1,2024-06-24
838,TR-00838,1998,Male,ST,2,1,2024-06-24
839,TR-00839,1990,Male,OBC,4,1,2024-06-24
840,TR-00840,2005,Other,General,4,1,2024-06-24
841,TR-00841,1997,Male,OBC,1,1,2024-06-24
842,TR-00842,2007,Other,OBC,5,1,2024-06-24
843,TR-00843,2006,Male,SC,3,1,2024-06-24
844,TR-00844,1991,Female,ST,4,1,2024-06-24
845,TR-00845,1998,Other,ST,4,1,2024-06-24
846,TR-00846,1998,Male,ST,3,1,2024-06-24
847,TR-00847,1993,Female,OBC,2,1,2024-06-24
848,TR-00848,2005,Male,ST,4,1,2024-06-24
849,TR-00849,2006,Male,ST,4,1,2024-06-24
850,TR-00850,1995,Female,OBC,1,1,2024-06-24
851,TR-00851,2003,Male,ST,2,1,2024-06-24
852,TR-00852,2003,Male,SC,1,1,2024-06-24
853,TR-00853,1997,Other,SC,2,1,2024-06-24
854,TR-00854,2000,Other,OBC,2,1,2024-06-24
855,TR-00855,1996,Other,SC,5,1,2024-06-24
856,TR-00856,1993,Female,SC,5,1,2024-06-24
857,TR-00857,1998,Male,OBC,2,1,2024-06-24
858,TR-00858,2007,Other,ST,5,1,2024-06-24
859,TR-00859,2006,Other,General,2,1,2024-06-24
860,TR-00860,1999,Female,SC,1,1,2024-06-24
861,TR-00861,1990,Female,General,1,1,2024-06-24
862,TR-00862,2000,Other,ST,3,1,2024-06-24
863,TR-00863,1999,Female,ST,2,1,2024-06-24
864,TR-00864,1998,Other,ST,5,1,2024-06-24
865,TR-00865,2007,Female,ST,3,1,2024-06-24
866,TR-00866,1992,Other,ST,4,1,2024-06-24
867,TR-00867,1994,Female,ST,3,1,2024-06-24
868,TR-00868,2004,Male,General,4,1,2024-06-24
869,TR-00869,2001,Male,OBC,3,1,2024-06-24
870,TR-00870,2000,Male,OBC,1,1,2024-06-24
871,TR-00871,2001,Male,General,2,1,2024-06-24
872,TR-00872,1997,Other,SC,4,1,2024-06-24
873,TR-00873,1992,Male,SC,4,1,2024-06-24
874,TR-00874,2007,Other,General,3,1,2024-06-24
875,TR-00875,1993,Other,General,4,1,2024-06-24
876,TR-00876,1997,Male,General,3,1,2024-06-24
877,TR-00877,1998,Male,ST,5,1,2024-06-24
878,TR-00878,1994,Male,OBC,5,1,2024-06-24
879,TR-00879,2002,Male,ST,1,1,2024-06-24
880,TR-00880,2007,Female,SC,2,1,2024-06-24
881,TR-00881,2001,Male,SC,4,1,2024-06-24
882,TR-00882,2006,Male,General,4,1,2024-06-24
883,TR-00883,1995,Male,SC,2,1,2024-06-24
884,TR-00884,2004,Other,OBC,1,1,2024-06-24
885,TR-00885,1993,Female,SC,5,1,2024-09-07
886,TR-00886,1999,Female,General,5,1,2024-09-07
887,TR-00887,1995,Other,SC,3,1,2024-09-07
888,TR-00888,1994,Female,SC,3,1,2024-09-07
889,TR-00889,1996,Other,SC,2,1,2024-09-07
890,TR-00890,1990,Male,ST,1,1,2024-09-07
891,TR-00891,1996,Female,SC,1,1,2024-09-07
892,TR-00892,1991,Male,OBC,4,1,2024-09-07
893,TR-00893,2007,Male,SC,5,1,2024-09-07
894,TR-00894,2004,Female,OBC,4,1,2024-09-07
895,TR-00895,2000,Other,ST,4,1,2024-09-07
896,TR-00896,1993,Female,SC,4,1,2024-09-07
897,TR-00897,2003,Other,OBC,2,1,2024-09-07
898,TR-00898,2006,Female,ST,3,1,2024-09-07
899,TR-00899,2007,Other,OBC,4,1,2024-09-07
900,TR-00900,1994,Other,ST,5,1,2024-09-07
901,TR-00901,1994,Other,OBC,2,1,2024-09-07
902,TR-00902,2005,Male,OBC,3,1,2024-09-07
903,TR-00903,2003,Male,OBC,1,1,2024-09-07
904,TR-00904,1991,Other,OBC,2,1,2024-09-07
905,TR-00905,1994,Other,ST,2,1,2024-09-07
906,TR-00906,1997,Male,ST,5,1,2024-09-07
907,TR-00907,2006,Female,General,2,1,2024-09-07
908,TR-00908,2002,Male,General,4,1,2024-09-07
909,TR-00909,2002,Male,SC,5,1,2024-09-07
910,TR-00910,1999,Other,General,3,1,2024-09-07
911,TR-00911,1996,Other,OBC,5,1,2024-09-07
912,TR-00912,1991,Other,ST,5,1,2024-09-07
913,TR-00913,2003,Female,OBC,5,1,2024-09-07
914,TR-00914,2002,Male,OBC,5,1,2024-09-07
915,TR-00915,2001,Male,ST,3,1,2024-09-07
916,TR-00916,1992,Male,OBC,4,1,2024-09-07
917,TR-00917,1994,Female,SC,3,1,2024-09-07
918,TR-00918,1997,Female,General,4,1,2024-09-07
919,TR-00919,2005,Other,SC,1,1,2024-09-07
920,TR-00920,1990,Other,ST,2,1,2024-09-07
921,TR-00921,2004,Male,OBC,4,1,2024-09-07
922,TR-00922,1992,Male,OBC,2,1,2024-09-07
923,TR-00923,1999,Female,General,1,1,2024-09-07
924,TR-00924,2001,Other,OBC,3,1,2024-09-07
925,TR-00925,2007,Male,General,1,1,2024-09-07
926,TR-00926,1992,Male,ST,2,1,2024-09-07
927,TR-00927,1994,Other,OBC,5,1,2024-09-07
928,TR-00928,1998,Female,OBC,4,1,2024-09-07
929,TR-00929,2007,Male,General,2,1,2024-09-07
930,TR-00930,2001,Female,ST,1,1,2024-09-07
931,TR-00931,1992,Other,ST,1,1,2024-09-07
932,TR-00932,1995,Female,ST,5,1,2024-09-07
933,TR-00933,2000,Female,OBC,5,1,2024-09-07
934,TR-00934,2004,Male,SC,5,1,2024-09-07
935,TR-00935,1991,Other,ST,2,1,2024-09-07
936,TR-00936,1992,Female,SC,4,1,2024-09-07
937,TR-00937,2007,Other,SC,5,1,2024-09-07
938,TR-00938,1998,Other,ST,3,1,2024-09-07
939,TR-00939,2004,Female,General,1,1,2024-09-07
940,TR-00940,1998,Other,ST,3,1,2024-09-07
941,TR-00941,2007,Male,General,1,1,2024-09-07
942,TR-00942,2007,Male,OBC,3,1,2024-09-07
943,TR-00943,2003,Other,ST,4,1,2024-09-07
944,TR-00944,2004,Male,General,4,1,2024-09-07
945,TR-00945,1997,Female,OBC,5,1,2024-09-07
946,TR-00946,1993,Female,OBC,5,1,2024-09-07
947,TR-00947,1997,Other,SC,2,1,2024-09-07
948,TR-00948,2007,Male,General,3,1,2024-09-07
949,TR-00949,2003,Female,OBC,3,1,2024-09-07
950,TR-00950,2005,Female,OBC,2,1,2024-09-07
951,TR-00951,1999,Other,General,4,1,2024-09-07
952,TR-00952,1995,Male,SC,4,1,2024-09-07
953,TR-00953,1996,Other,General,2,1,2025-04-18
954,TR-00954,2004,Male,SC,2,1,2025-04-18
955,TR-00955,2001,Other,General,4,1,2025-04-18
956,TR-00956,1999,Other,OBC,5,1,2025-04-18
957,TR-00957,1998,Other,General,3,1,2025-04-18
958,TR-00958,1993,Other,SC,5,1,2025-04-18
959,TR-00959,2005,Male,ST,5,1,2025-04-18
960,TR-00960,1992,Female,SC,3,1,2025-04-18
961,TR-00961,2003,Male,General,4,1,2025-04-18
962,TR-00962,1996,Other,OBC,3,1,2025-04-18
963,TR-00963,2007,Other,ST,4,1,2025-04-18
964,TR-00964,2002,Female,ST,5,1,2025-04-18
965,TR-00965,1990,Female,OBC,1,1,2025-04-18
966,TR-00966,1995,Female,General,3,1,2025-04-18
967,TR-00967,2001,Other,ST,4,1,2025-04-18
968,TR-00968,1994,Male,ST,1,1,2025-04-18
969,TR-00969,2000,Male,OBC,2,1,2025-04-18
970,TR-00970,1999,Female,General,4,1,2025-04-18
971,TR-00971,1996,Other,SC,5,1,2025-04-18
972,TR-00972,2002,Female,SC,5,1,2025-04-18
973,TR-00973,1994,Male,General,4,1,2025-04-18
974,TR-00974,1995,Male,SC,5,1,2025-04-18
975,TR-00975,1996,Female,SC,1,1,2025-04-18
976,TR-00976,1993,Other,ST,1,1,2025-04-18
977,TR-00977,2003,Male,General,2,1,2025-04-18
978,TR-00978,1999,Male,OBC,3,1,2025-04-18
979,TR-00979,1993,Other,General,2,1,2025-04-18
980,TR-00980,1990,Male,ST,4,1,2025-04-18
981,TR-00981,2001,Female,General,3,1,2025-04-18
982,TR-00982,2002,Female,OBC,2,1,2025-04-18
983,TR-00983,1994,Other,SC,3,1,2025-04-18
984,TR-00984,2004,Female,SC,1,1,2025-04-18
985,TR-00985,1999,Other,OBC,3,1,2025-04-18
986,TR-00986,2007,Female,OBC,5,1,2025-04-18
987,TR-00987,2000,Female,General,1,1,2025-04-18
988,TR-00988,1999,Female,OBC,1,1,2025-04-18
989,TR-00989,2003,Male,SC,4,1,2025-04-18
990,TR-00990,1990,Other,General,5,1,2025-04-18
991,TR-00991,1990,Other,OBC,5,1,2025-04-18
992,TR-00992,2005,Male,SC,3,1,2025-04-18
993,TR-00993,1990,Male,SC,4,1,2025-04-18
994,TR-00994,2000,Male,General,5,1,2025-04-18
995,TR-00995,1992,Male,SC,5,1,2025-04-18
996,TR-00996,2000,Female,OBC,1,1,2025-04-18
997,TR-00997,1992,Female,OBC,2,1,2025-04-18
998,TR-00998,1994,Other,SC,3,1,2025-04-18
999,TR-00999,1994,Male,General,4,1,2025-04-18
1000,TR-01000,1996,Male,OBC,2,1,2025-04-18
1001,TR-01001,1997,Male,General,3,1,2025-04-18
1002,TR-01002,2004,Female,OBC,2,1,2025-04-18
1003,TR-01003,2000,Female,SC,1,1,2025-04-18
1004,TR-01004,1992,Female,General,4,1,2025-04-18
1005,TR-01005,2000,Other,SC,2,1,2025-04-18
1006,TR-01006,1996,Other,General,1,1,2025-04-18
1007,TR-01007,1990,Other,OBC,5,1,2025-04-18
1008,TR-01008,2004,Male,SC,5,1,2025-04-18
1009,TR-01009,2007,Other,ST,3,1,2025-04-18
1010,TR-01010,1996,Other,ST,4,1,2025-04-18
1011,TR-01011,1996,Male,SC,2,1,2025-04-18
1012,TR-01012,1990,Other,General,1,1,2025-04-18
1013,TR-01013,1992,Other,General,2,1,2025-04-18
1014,TR-01014,2007,Male,General,3,1,2025-04-18
1015,TR-01015,2002,Other,ST,3,1,2025-04-18
1016,TR-01016,2001,Female,ST,5,1,2025-04-18
1017,TR-01017,1991,Other,ST,2,1,2025-04-18
1018,TR-01018,2005,Female,ST,1,1,2025-04-18
1019,TR-01019,1998,Male,ST,5,1,2025-04-18
1020,TR-01020,2001,Other,SC,3,1,2025-04-18
1021,TR-01021,2002,Female,General,4,1,2024-10-03
1022,TR-01022,1996,Male,OBC,5,1,2024-10-03
1023,TR-01023,2006,Male,SC,3,1,2024-10-03
1024,TR-01024,2006,Male,OBC,5,1,2024-10-03
1025,TR-01025,1993,Other,General,5,1,2024-10-03
1026,TR-01026,1992,Female,SC,5,1,2024-10-03
1027,TR-01027,2007,Male,ST,1,1,2024-10-03
1028,TR-01028,1998,Male,OBC,3,1,2024-10-03
1029,TR-01029,1991,Other,OBC,1,1,2024-10-03
1030,TR-01030,2006,Female,ST,3,1,2024-10-03
1031,TR-01031,2007,Female,ST,1,1,2024-10-03
1032,TR-01032,1990,Male,ST,3,1,2024-10-03
1033,TR-01033,2007,Other,SC,3,1,2024-10-03
1034,TR-01034,2000,Female,SC,4,1,2024-10-03
1035,TR-01035,1994,Male,ST,2,1,2024-10-03
1036,TR-01036,1993,Other,OBC,3,1,2024-10-03
1037,TR-01037,2007,Male,SC,4,1,2024-10-03
1038,TR-01038,1994,Female,SC,1,1,2024-10-03
1039,TR-01039,1997,Female,ST,4,1,2024-10-03
1040,TR-01040,2006,Female,General,5,1,2024-10-03
1041,TR-01041,2002,Male,General,4,1,2024-10-03
1042,TR-01042,2005,Female,General,2,1,2024-10-03
1043,TR-01043,1993,Other,ST,2,1,2024-10-03
1044,TR-01044,2006,Male,SC,4,1,2024-10-03
1045,TR-01045,2004,Female,ST,2,1,2024-10-03
1046,TR-01046,2005,Female,OBC,5,1,2024-10-03
1047,TR-01047,1998,Male,ST,4,1,2024-10-03
1048,TR-01048,1996,Female,OBC,3,1,2024-10-03
1049,TR-01049,1992,Male,General,2,1,2024-10-03
1050,TR-01050,1992,Female,ST,4,1,2024-10-03
1051,TR-01051,1993,Other,ST,3,1,2024-10-03
1052,TR-01052,1991,Female,General,2,1,2024-10-03
1053,TR-01053,2003,Female,SC,5,1,2024-10-03
1054,TR-01054,1999,Male,ST,2,1,2024-10-03
1055,TR-01055,1997,Other,General,3,1,2024-10-03
1056,TR-01056,1990,Male,ST,2,1,2024-10-03
1057,TR-01057,2000,Female,ST,2,1,2024-10-03
1058,TR-01058,1994,Male,OBC,5,1,2024-10-03
1059,TR-01059,2003,Male,General,4,1,2024-10-03
1060,TR-01060,2005,Other,ST,1,1,2024-10-03
1061,TR-01061,2003,Other,General,4,1,2024-10-03
1062,TR-01062,2007,Female,General,5,1,2024-10-03
1063,TR-01063,1995,Male,SC,4,1,2024-10-03
1064,TR-01064,2007,Male,General,3,1,2024-10-03
1065,TR-01065,2005,Female,General,2,1,2024-10-03
1066,TR-01066,1999,Other,ST,1,1,2024-10-03
1067,TR-01067,2004,Male,SC,4,1,2024-10-03
1068,TR-01068,1995,Other,General,1,1,2024-10-03
1069,TR-01069,1997,Other,General,3,1,2024-10-03
1070,TR-01070,1995,Male,OBC,2,1,2024-10-03
1071,TR-01071,1991,Female,SC,1,1,2024-10-03
1072,TR-01072,1996,Female,SC,2,1,2024-10-03
1073,TR-01073,1994,Female,General,5,1,2024-10-03
1074,TR-01074,2004,Female,OBC,4,1,2024-10-03
1075,TR-01075,1998,Male,SC,4,1,2024-10-03
1076,TR-01076,1993,Female,General,4,1,2024-10-03
1077,TR-01077,1993,Male,OBC,5,1,2024-10-03
1078,TR-01078,2004,Other,OBC,5,1,2024-10-03
1079,TR-01079,2005,Male,General,5,1,2024-10-03
1080,TR-01080,1997,Female,ST,2,1,2024-10-03
1081,TR-01081,2004,Other,SC,3,1,2024-10-03
1082,TR-01082,2001,Other,OBC,5,1,2024-10-03
1083,TR-01083,2005,Female,ST,4,1,2024-10-03
1084,TR-01084,2004,Female,ST,3,1,2024-10-03
1085,TR-01085,1995,Female,OBC,1,1,2024-10-03
1086,TR-01086,1990,Other,ST,1,1,2024-10-03
1087,TR-01087,1997,Female,SC,1,1,2024-10-03
1088,TR-01088,2002,Male,OBC,2,1,2024-10-03
1089,TR-01089,1996,Other,General,2,1,2024-08-12
1090,TR-01090,2004,Female,ST,2,1,2024-08-12
1091,TR-01091,1996,Female,SC,4,1,2024-08-12
1092,TR-01092,1999,Other,SC,3,1,2024-08-12
1093,TR-01093,1991,Male,ST,5,1,2024-08-12
1094,TR-01094,1990,Other,SC,1,1,2024-08-12
1095,TR-01095,1995,Female,ST,3,1,2024-08-12
1096,TR-01096,1997,Male,General,1,1,2024-08-12
1097,TR-01097,2002,Other,General,2,1,2024-08-12
1098,TR-01098,1991,Female,OBC,5,1,2024-08-12
1099,TR-01099,2006,Female,OBC,4,1,2024-08-12
1100,TR-01100,1996,Female,ST,4,1,2024-08-12
1101,TR-01101,1995,Other,OBC,2,1,2024-08-12
1102,TR-01102,2005,Male,General,5,1,2024-08-12
1103,TR-01103,1999,Other,OBC,1,1,2024-08-12
1104,TR-01104,2002,Female,General,1,1,2024-08-12
1105,TR-01105,1992,Other,OBC,5,1,2024-08-12
1106,TR-01106,1992,Other,OBC,2,1,2024-08-12
1107,TR-01107,1993,Male,SC,1,1,2024-08-12
1108,TR-01108,1992,Male,General,2,1,2024-08-12
1109,TR-01109,1998,Other,OBC,4,1,2024-08-12
1110,TR-01110,1993,Male,SC,1,1,2024-08-12
1111,TR-01111,1992,Male,General,5,1,2024-08-12
1112,TR-01112,2003,Other,OBC,2,1,2024-08-12
1113,TR-01113,1990,Other,General,3,1,2024-08-12
1114,TR-01114,1995,Other,ST,5,1,2024-08-12
1115,TR-01115,1993,Male,General,5,1,2024-08-12
1116,TR-01116,1998,Male,OBC,3,1,2024-08-12
1117,TR-01117,2000,Other,ST,3,1,2024-08-12
1118,TR-01118,2004,Female,OBC,4,1,2024-08-12
1119,TR-01119,1993,Male,ST,2,1,2024-08-12
1120,TR-01120,1994,Other,General,2,1,2024-08-12
1121,TR-01121,2005,Male,ST,5,1,2024-08-12
1122,TR-01122,1999,Male,General,1,1,2024-08-12
1123,TR-01123,2003,Other,SC,5,1,2024-08-12
1124,TR-01124,1998,Other,ST,1,1,2024-08-12
1125,TR-01125,1991,Other,SC,5,1,2024-08-12
1126,TR-01126,1993,Other,OBC,3,1,2024-08-12
1127,TR-01127,2000,Male,General,5,1,2024-08-12
1128,TR-01128,1996,Other,OBC,4,1,2024-08-12
1129,TR-01129,1991,Female,ST,3,1,2024-08-12
1130,TR-01130,2000,Other,General,2,1,2024-08-12
1131,TR-01131,2000,Female,General,4,1,2024-08-12
1132,TR-01132,1992,Male,OBC,3,1,2024-08-12
1133,TR-01133,1993,Male,General,5,1,2024-08-12
1134,TR-01134,1990,Other,OBC,5,1,2024-08-12
1135,TR-01135,1995,Other,SC,3,1,2024-08-12
1136,TR-01136,2005,Female,ST,4,1,2024-08-12
1137,TR-01137,2002,Female,OBC,2,1,2024-08-12
1138,TR-01138,1995,Female,General,4,1,2024-08-12
1139,TR-01139,1992,Other,SC,4,1,2024-08-12
1140,TR-01140,2004,Female,OBC,5,1,2024-08-12
1141,TR-01141,1993,Female,General,1,1,2024-08-12
1142,TR-01142,2001,Male,SC,4,1,2024-08-12
1143,TR-01143,1995,Female,SC,4,1,2024-08-12
1144,TR-01144,2003,Male,General,2,1,2024-08-12
1145,TR-01145,1990,Female,SC,3,1,2024-08-12
1146,TR-01146,1999,Male,SC,3,1,2024-08-12
1147,TR-01147,2001,Female,General,3,1,2024-08-12
1148,TR-01148,1991,Male,ST,5,1,2024-08-12
1149,TR-01149,1997,Other,ST,2,1,2024-08-12
1150,TR-01150,2000,Female,OBC,2,1,2024-08-12
1151,TR-01151,1995,Male,OBC,5,1,2024-08-12
1152,TR-01152,2007,Male,OBC,2,1,2024-08-12
1153,TR-01153,1990,Other,General,2,1,2024-08-12
1154,TR-01154,2000,Female,ST,3,1,2024-08-12
1155,TR-01155,2003,Other,General,3,1,2024-08-12
1156,TR-01156,1991,Male,ST,5,1,2024-08-12
1157,TR-01157,1998,Female,ST,4,1,2024-02-27
1158,TR-01158,1999,Other,ST,1,1,2024-02-27
1159,TR-01159,1996,Other,ST,5,1,2024-02-27
1160,TR-01160,1992,Male,ST,5,1,2024-02-27
1161,TR-01161,2000,Female,SC,3,1,2024-02-27
1162,TR-01162,2000,Other,SC,1,1,2024-02-27
1163,TR-01163,2006,Other,OBC,1,1,2024-02-27
1164,TR-01164,2002,Female,SC,3,1,2024-02-27
1165,TR-01165,1996,Other,OBC,4,1,2024-02-27
1166,TR-01166,2002,Female,General,2,1,2024-02-27
1167,TR-01167,2002,Female,General,4,1,2024-02-27
1168,TR-01168,2003,Male,SC,5,1,2024-02-27
1169,TR-01169,2005,Male,General,3,1,2024-02-27
1170,TR-01170,2005,Male,General,5,1,2024-02-27
1171,TR-01171,1991,Other,OBC,3,1,2024-02-27
1172,TR-01172,1992,Female,SC,3,1,2024-02-27
1173,TR-01173,2005,Other,ST,5,1,2024-02-27
1174,TR-01174,1998,Male,OBC,2,1,2024-02-27
1175,TR-01175,1991,Female,ST,5,1,2024-02-27
1176,TR-01176,1998,Female,General,3,1,2024-02-27
1177,TR-01177,2001,Female,SC,5,1,2024-02-27
1178,TR-01178,2006,Other,OBC,3,1,2024-02-27
1179,TR-01179,2000,Other,ST,5,1,2024-02-27
1180,TR-01180,2002,Female,OBC,4,1,2024-02-27
1181,TR-01181,1992,Male,OBC,5,1,2024-02-27
1182,TR-01182,2000,Male,ST,4,1,2024-02-27
1183,TR-01183,2004,Male,SC,3,1,2024-02-27
1184,TR-01184,2000,Female,General,3,1,2024-02-27
1185,TR-01185,2006,Female,OBC,2,1,2024-02-27
1186,TR-01186,1994,Female,ST,5,1,2024-02-27
1187,TR-01187,1991,Female,General,5,1,2024-02-27
1188,TR-01188,2006,Other,ST,4,1,2024-02-27
1189,TR-01189,2000,Male,ST,2,1,2024-02-27
1190,TR-01190,1993,Female,OBC,2,1,2024-02-27
1191,TR-01191,2004,Other,General,3,1,2024-02-27
1192,TR-01192,1996,Male,ST,1,1,2024-02-27
1193,TR-01193,2001,Male,SC,3,1,2024-02-27
1194,TR-01194,2003,Other,ST,2,1,2024-02-27
1195,TR-01195,1991,Female,General,2,1,2024-02-27
1196,TR-01196,1997,Female,OBC,2,1,2024-02-27
1197,TR-01197,2001,Other,SC,5,1,2024-02-27
1198,TR-01198,1996,Male,SC,4,1,2024-02-27
1199,TR-01199,2001,Other,SC,1,1,2024-02-27
1200,TR-01200,1993,Male,General,5,1,2024-02-27
1201,TR-01201,2006,Other,General,1,1,2024-02-27
1202,TR-01202,1997,Male,SC,1,1,2024-02-27
1203,TR-01203,2007,Female,ST,3,1,2024-02-27
1204,TR-01204,2007,Male,SC,2,1,2024-02-27
1205,TR-01205,1994,Male,SC,1,1,2024-02-27
1206,TR-01206,1995,Female,OBC,4,1,2024-02-27
1207,TR-01207,2007,Female,General,5,1,2024-02-27
1208,TR-01208,1992,Male,SC,3,1,2024-02-27
1209,TR-01209,1992,Male,General,3,1,2024-02-27
1210,TR-01210,2000,Female,OBC,5,1,2024-02-27
1211,TR-01211,2002,Other,General,3,1,2024-02-27
1212,TR-01212,1992,Female,SC,3,1,2024-02-27
1213,TR-01213,1997,Female,SC,4,1,2024-02-27
1214,TR-01214,2004,Female,ST,3,1,2024-02-27
1215,TR-01215,2000,Other,General,3,1,2024-02-27
1216,TR-01216,1991,Male,OBC,1,1,2024-02-27
1217,TR-01217,1995,Female,SC,2,1,2024-02-27
1218,TR-01218,1999,Female,ST,2,1,2024-02-27
1219,TR-01219,1995,Male,ST,1,1,2024-02-27
1220,TR-01220,2001,Female,ST,5,1,2024-02-27
1221,TR-01221,1995,Male,OBC,4,1,2024-02-27
1222,TR-01222,1993,Male,ST,3,1,2024-02-27
1223,TR-01223,2002,Male,OBC,2,1,2024-02-27
1224,TR-01224,2005,Other,OBC,5,1,2024-02-27
1225,TR-01225,2003,Female,SC,1,1,2024-02-02
1226,TR-01226,1996,Other,ST,5,1,2024-02-02
1227,TR-01227,1999,Male,ST,5,1,2024-02-02
1228,TR-01228,2002,Other,SC,2,1,2024-02-02
1229,TR-01229,2004,Female,SC,1,1,2024-02-02
1230,TR-01230,1998,Other,General,5,1,2024-02-02
1231,TR-01231,1999,Other,ST,4,1,2024-02-02
1232,TR-01232,1997,Female,SC,5,1,2024-02-02
1233,TR-01233,2007,Female,SC,3,1,2024-02-02
1234,TR-01234,1992,Other,General,3,1,2024-02-02
1235,TR-01235,1994,Other,ST,1,1,2024-02-02
1236,TR-01236,2005,Other,General,1,1,2024-02-02
1237,TR-01237,2002,Female,General,5,1,2024-02-02
1238,TR-01238,1993,Female,OBC,4,1,2024-02-02
1239,TR-01239,1994,Male,ST,1,1,2024-02-02
1240,TR-01240,1999,Female,General,1,1,2024-02-02
1241,TR-01241,2005,Other,General,2,1,2024-02-02
1242,TR-01242,2001,Male,ST,5,1,2024-02-02
1243,TR-01243,1991,Other,ST,1,1,2024-02-02
1244,TR-01244,1999,Female,OBC,5,1,2024-02-02
1245,TR-01245,1999,Male,General,3,1,2024-02-02
1246,TR-01246,2006,Other,SC,3,1,2024-02-02
1247,TR-01247,1997,Female,General,5,1,2024-02-02
1248,TR-01248,2004,Male,ST,4,1,2024-02-02
1249,TR-01249,2004,Other,General,2,1,2024-02-02
1250,TR-01250,2006,Other,ST,4,1,2024-02-02
1251,TR-01251,1990,Female,ST,1,1,2024-02-02
1252,TR-01252,2005,Female,OBC,1,1,2024-02-02
1253,TR-01253,2006,Other,General,2,1,2024-02-02
1254,TR-01254,2007,Female,OBC,2,1,2024-02-02
1255,TR-01255,1993,Female,SC,4,1,2024-02-02
1256,TR-01256,2007,Female,ST,4,1,2024-02-02
1257,TR-01257,1990,Male,General,1,1,2024-02-02
1258,TR-01258,1992,Other,SC,3,1,2024-02-02
1259,TR-01259,1998,Male,ST,1,1,2024-02-02
1260,TR-01260,2004,Other,General,2,1,2024-02-02
1261,TR-01261,1998,Female,ST,4,1,2024-02-02
1262,TR-01262,2005,Male,SC,3,1,2024-02-02
1263,TR-01263,2003,Other,ST,1,1,2024-02-02
1264,TR-01264,1992,Male,General,5,1,2024-02-02
1265,TR-01265,2006,Female,General,3,1,2024-02-02
1266,TR-01266,1997,Other,OBC,2,1,2024-02-02
1267,TR-01267,1992,Male,OBC,2,1,2024-02-02
1268,TR-01268,1996,Male,General,5,1,2024-02-02
1269,TR-01269,1993,Female,OBC,2,1,2024-02-02
1270,TR-01270,1995,Female,General,1,1,2024-02-02
1271,TR-01271,2000,Male,General,5,1,2024-02-02
1272,TR-01272,2004,Male,General,4,1,2024-02-02
1273,TR-01273,2000,Female,SC,4,1,2024-02-02
1274,TR-01274,1990,Other,OBC,2,1,2024-02-02
1275,TR-01275,2003,Other,General,1,1,2024-02-02
1276,TR-01276,2002,Other,SC,2,1,2024-02-02
1277,TR-01277,2006,Male,ST,5,1,2024-02-02
1278,TR-01278,2001,Female,ST,4,1,2024-02-02
1279,TR-01279,2006,Male,ST,4,1,2024-02-02
1280,TR-01280,1993,Female,SC,3,1,2024-02-02
1281,TR-01281,1998,Other,SC,2,1,2024-02-02
1282,TR-01282,1990,Female,OBC,3,1,2024-02-02
1283,TR-01283,2006,Female,General,2,1,2024-02-02
1284,TR-01284,1997,Female,ST,2,1,2024-02-02
1285,TR-01285,2000,Female,ST,3,1,2024-02-02
1286,TR-01286,1999,Other,SC,5,1,2024-02-02
1287,TR-01287,1996,Female,ST,2,1,2024-02-02
1288,TR-01288,2003,Other,OBC,3,1,2024-02-02
1289,TR-01289,1998,Other,General,4,1,2024-02-02
1290,TR-01290,2006,Other,General,5,1,2024-02-02
1291,TR-01291,2006,Male,ST,4,1,2024-02-02
1292,TR-01292,1991,Female,General,3,1,2024-02-02
1293,TR-01293,2006,Other,OBC,5,1,2025-02-14
1294,TR-01294,1996,Male,OBC,5,1,2025-02-14
1295,TR-01295,2007,Male,ST,3,1,2025-02-14
1296,TR-01296,1990,Female,SC,2,1,2025-02-14
1297,TR-01297,2003,Female,OBC,3,1,2025-02-14
1298,TR-01298,1990,Other,ST,2,1,2025-02-14
1299,TR-01299,1990,Other,General,2,1,2025-02-14
1300,TR-01300,1992,Female,OBC,2,1,2025-02-14
1301,TR-01301,2003,Male,ST,3,1,2025-02-14
1302,TR-01302,2001,Female,ST,4,1,2025-02-14
1303,TR-01303,1991,Other,General,3,1,2025-02-14
1304,TR-01304,2003,Female,General,2,1,2025-02-14
1305,TR-01305,2003,Other,ST,5,1,2025-02-14
1306,TR-01306,1994,Female,ST,1,1,2025-02-14
1307,TR-01307,2000,Female,General,1,1,2025-02-14
1308,TR-01308,1991,Other,OBC,1,1,2025-02-14
1309,TR-01309,1990,Male,General,1,1,2025-02-14
1310,TR-01310,1992,Male,OBC,3,1,2025-02-14
1311,TR-01311,1997,Other,ST,3,1,2025-02-14
1312,TR-01312,1990,Other,General,5,1,2025-02-14
1313,TR-01313,1999,Male,SC,3,1,2025-02-14
1314,TR-01314,1992,Female,General,2,1,2025-02-14
1315,TR-01315,1990,Other,ST,2,1,2025-02-14
1316,TR-01316,2006,Other,OBC,2,1,2025-02-14
1317,TR-01317,1990,Female,ST,3,1,2025-02-14
1318,TR-01318,1990,Male,SC,5,1,2025-02-14
1319,TR-01319,1993,Male,General,3,1,2025-02-14
1320,TR-01320,1990,Other,OBC,1,1,2025-02-14
1321,TR-01321,2007,Male,SC,4,1,2025-02-14
1322,TR-01322,1996,Female,General,2,1,2025-02-14
1323,TR-01323,1990,Male,OBC,5,1,2025-02-14
1324,TR-01324,1994,Male,OBC,1,1,2025-02-14
1325,TR-01325,1998,Male,ST,1,1,2025-02-14
1326,TR-01326,2006,Female,SC,3,1,2025-02-14
1327,TR-01327,2003,Other,OBC,5,1,2025-02-14
1328,TR-01328,1999,Female,ST,3,1,2025-02-14
1329,TR-01329,1999,Male,General,1,1,2025-02-14
1330,TR-01330,2004,Female,General,4,1,2025-02-14
1331,TR-01331,1996,Other,General,2,1,2025-02-14
1332,TR-01332,2000,Male,SC,2,1,2025-02-14
1333,TR-01333,2000,Female,General,2,1,2025-02-14
1334,TR-01334,1995,Male,SC,3,1,2025-02-14
1335,TR-01335,1993,Other,General,3,1,2025-02-14
1336,TR-01336,2001,Male,SC,3,1,2025-02-14
1337,TR-01337,1992,Other,OBC,5,1,2025-02-14
1338,TR-01338,2001,Male,OBC,3,1,2025-02-14
1339,TR-01339,1995,Other,General,4,1,2025-02-14
1340,TR-01340,2006,Other,ST,1,1,2025-02-14
1341,TR-01341,1997,Female,ST,5,1,2025-02-14
1342,TR-01342,1998,Female,General,2,1,2025-02-14
1343,TR-01343,1991,Female,SC,2,1,2025-02-14
1344,TR-01344,1999,Other,SC,1,1,2025-02-14
1345,TR-01345,1997,Male,SC,3,1,2025-02-14
1346,TR-01346,2005,Male,General,2,1,2025-02-14
1347,TR-01347,2002,Other,General,2,1,2025-02-14
1348,TR-01348,1993,Female,SC,4,1,2025-02-14
1349,TR-01349,1997,Other,ST,5,1,2025-02-14
1350,TR-01350,2003,Other,ST,3,1,2025-02-14
1351,TR-01351,1991,Female,SC,4,1,2025-02-14
1352,TR-01352,1997,Other,ST,4,1,2025-02-14
1353,TR-01353,2003,Male,OBC,4,1,2025-02-14
1354,TR-01354,1992,Male,General,2,1,2025-02-14
1355,TR-01355,1997,Male,SC,4,1,2025-02-14
1356,TR-01356,2000,Female,OBC,5,1,2025-02-14
1357,TR-01357,2006,Male,OBC,5,1,2025-02-14
1358,TR-01358,2002,Female,SC,3,1,2025-02-14
1359,TR-01359,2002,Male,ST,3,1,2025-02-14
1360,TR-01360,1996,Male,OBC,1,1,2025-02-14
1361,TR-01361,2005,Other,OBC,2,1,2024-03-08
1362,TR-01362,1995,Other,OBC,5,1,2024-03-08
1363,TR-01363,2005,Female,ST,2,1,2024-03-08
1364,TR-01364,1991,Male,SC,4,1,2024-03-08
1365,TR-01365,1998,Other,ST,5,1,2024-03-08
1366,TR-01366,2005,Female,SC,1,1,2024-03-08
1367,TR-01367,1995,Other,ST,1,1,2024-03-08
1368,TR-01368,1991,Female,OBC,2,1,2024-03-08
1369,TR-01369,2001,Other,SC,2,1,2024-03-08
1370,TR-01370,1997,Other,General,4,1,2024-03-08
1371,TR-01371,1994,Male,SC,2,1,2024-03-08
1372,TR-01372,1998,Female,OBC,3,1,2024-03-08
1373,TR-01373,2007,Other,OBC,1,1,2024-03-08
1374,TR-01374,1992,Male,ST,3,1,2024-03-08
1375,TR-01375,1998,Female,OBC,2,1,2024-03-08
1376,TR-01376,2003,Male,SC,2,1,2024-03-08
1377,TR-01377,1999,Male,OBC,3,1,2024-03-08
1378,TR-01378,1995,Other,SC,1,1,2024-03-08
1379,TR-01379,1999,Female,SC,5,1,2024-03-08
1380,TR-01380,2004,Female,SC,2,1,2024-03-08
1381,TR-01381,1995,Other,OBC,3,1,2024-03-08
1382,TR-01382,2005,Male,ST,2,1,2024-03-08
1383,TR-01383,2001,Female,OBC,2,1,2024-03-08
1384,TR-01384,1998,Female,ST,2,1,2024-03-08
1385,TR-01385,1998,Other,General,5,1,2024-03-08
1386,TR-01386,2001,Other,SC,5,1,2024-03-08
1387,TR-01387,2003,Other,ST,2,1,2024-03-08
1388,TR-01388,2002,Male,General,4,1,2024-03-08
1389,TR-01389,2000,Male,OBC,1,1,2024-03-08
1390,TR-01390,1992,Female,OBC,1,1,2024-03-08
1391,TR-01391,1993,Male,ST,4,1,2024-03-08
1392,TR-01392,2000,Female,SC,3,1,2024-03-08
1393,TR-01393,2005,Male,SC,2,1,2024-03-08
1394,TR-01394,1995,Other,ST,3,1,2024-03-08
1395,TR-01395,1995,Male,ST,5,1,2024-03-08
1396,TR-01396,2007,Male,ST,2,1,2024-03-08
1397,TR-01397,1997,Female,General,3,1,2024-03-08
1398,TR-01398,2004,Other,ST,2,1,2024-03-08
1399,TR-01399,1999,Other,SC,1,1,2024-03-08
1400,TR-01400,2002,Male,General,5,1,2024-03-08
1401,TR-01401,2004,Female,General,1,1,2024-03-08
1402,TR-01402,1995,Other,ST,4,1,2024-03-08
1403,TR-01403,1991,Other,ST,3,1,2024-03-08
1404,TR-01404,2005,Male,ST,2,1,2024-03-08
1405,TR-01405,1998,Other,General,1,1,2024-03-08
1406,TR-01406,1991,Male,ST,1,1,2024-03-08
1407,TR-01407,1992,Female,OBC,1,1,2024-03-08
1408,TR-01408,1992,Female,ST,4,1,2024-03-08
1409,TR-01409,2007,Female,General,4,1,2024-03-08
1410,TR-01410,1992,Male,General,2,1,2024-03-08
1411,TR-01411,1997,Other,ST,2,1,2024-03-08
1412,TR-01412,2003,Male,ST,4,1,2024-03-08
1413,TR-01413,2001,Other,OBC,5,1,2024-03-08
1414,TR-01414,1991,Other,SC,5,1,2024-03-08
1415,TR-01415,2002,Male,SC,5,1,2024-03-08
1416,TR-01416,2001,Other,OBC,4,1,2024-03-08
1417,TR-01417,2007,Other,General,3,1,2024-03-08
1418,TR-01418,1995,Female,SC,1,1,2024-03-08
1419,TR-01419,2003,Male,SC,1,1,2024-03-08
1420,TR-01420,1991,Male,SC,2,1,2024-03-08
1421,TR-01421,2003,Female,ST,1,1,2024-03-08
1422,TR-01422,1994,Female,SC,5,1,2024-03-08
1423,TR-01423,1992,Other,General,5,1,2024-03-08
1424,TR-01424,2001,Male,OBC,2,1,2024-03-08
1425,TR-01425,1990,Other,OBC,5,1,2024-03-08
1426,TR-01426,2006,Male,ST,5,1,2024-03-08
1427,TR-01427,2003,Other,OBC,1,1,2024-03-08
1428,TR-01428,1996,Other,ST,1,1,2024-03-08
1429,TR-01429,1998,Other,ST,5,1,2024-11-18
1430,TR-01430,1990,Female,SC,5,1,2024-11-18
1431,TR-01431,1991,Other,SC,2,1,2024-11-18
1432,TR-01432,1998,Other,ST,5,1,2024-11-18
1433,TR-01433,2002,Other,OBC,3,1,2024-11-18
1434,TR-01434,1995,Female,OBC,5,1,2024-11-18
1435,TR-01435,1994,Female,SC,2,1,2024-11-18
1436,TR-01436,1999,Other,ST,5,1,2024-11-18
1437,TR-01437,2005,Male,ST,5,1,2024-11-18
1438,TR-01438,2006,Male,OBC,3,1,2024-11-18
1439,TR-01439,1996,Male,OBC,1,1,2024-11-18
1440,TR-01440,1991,Female,SC,2,1,2024-11-18
1441,TR-01441,1999,Other,General,2,1,2024-11-18
1442,TR-01442,2004,Other,OBC,2,1,2024-11-18
1443,TR-01443,1994,Male,OBC,4,1,2024-11-18
1444,TR-01444,2002,Other,SC,2,1,2024-11-18
1445,TR-01445,2001,Male,ST,5,1,2024-11-18
1446,TR-01446,2002,Female,ST,2,1,2024-11-18
1447,TR-01447,1999,Female,SC,3,1,2024-11-18
1448,TR-01448,1998,Other,OBC,5,1,2024-11-18
1449,TR-01449,2005,Female,SC,4,1,2024-11-18
1450,TR-01450,1993,Female,SC,1,1,2024-11-18
1451,TR-01451,1998,Female,General,5,1,2024-11-18
1452,TR-01452,2001,Male,ST,2,1,2024-11-18
1453,TR-01453,1999,Male,SC,5,1,2024-11-18
1454,TR-01454,1998,Male,ST,1,1,2024-11-18
1455,TR-01455,2005,Other,OBC,5,1,2024-11-18
1456,TR-01456,1991,Female,ST,1,1,2024-11-18
1457,TR-01457,2003,Male,ST,5,1,2024-11-18
1458,TR-01458,1998,Female,General,1,1,2024-11-18
1459,TR-01459,2001,Other,ST,2,1,2024-11-18
1460,TR-01460,2002,Male,General,5,1,2024-11-18
1461,TR-01461,1999,Male,SC,5,1,2024-11-18
1462,TR-01462,1996,Female,SC,3,1,2024-11-18
1463,TR-01463,2007,Male,ST,1,1,2024-11-18
1464,TR-01464,1998,Other,OBC,1,1,2024-11-18
1465,TR-01465,1995,Male,OBC,1,1,2024-11-18
1466,TR-01466,2003,Female,General,1,1,2024-11-18
1467,TR-01467,2007,Female,SC,4,1,2024-11-18
1468,TR-01468,2002,Male,SC,2,1,2024-11-18
1469,TR-01469,2005,Other,General,1,1,2024-11-18
1470,TR-01470,2004,Other,General,5,1,2024-11-18
1471,TR-01471,1996,Male,OBC,1,1,2024-11-18
1472,TR-01472,1994,Other,OBC,1,1,2024-11-18
1473,TR-01473,1996,Other,General,3,1,2024-11-18
1474,TR-01474,2000,Female,ST,2,1,2024-11-18
1475,TR-01475,2004,Female,ST,5,1,2024-11-18
1476,TR-01476,1998,Female,ST,5,1,2024-11-18
1477,TR-01477,1998,Male,General,4,1,2024-11-18
1478,TR-01478,2005,Male,General,3,1,2024-11-18
1479,TR-01479,1999,Male,SC,4,1,2024-11-18
1480,TR-01480,1995,Other,ST,5,1,2024-11-18
1481,TR-01481,2007,Male,General,4,1,2024-11-18
1482,TR-01482,2001,Male,General,4,1,2024-11-18
1483,TR-01483,2002,Female,ST,2,1,2024-11-18
1484,TR-01484,1992,Other,General,4,1,2024-11-18
1485,TR-01485,2001,Female,OBC,2,1,2024-11-18
1486,TR-01486,2002,Other,SC,1,1,2024-11-18
1487,TR-01487,1998,Male,SC,4,1,2024-11-18
1488,TR-01488,2006,Female,SC,1,1,2024-11-18
1489,TR-01489,2007,Other,ST,4,1,2024-11-18
1490,TR-01490,1995,Other,ST,4,1,2024-11-18
1491,TR-01491,1991,Female,ST,1,1,2024-11-18
1492,TR-01492,2002,Male,OBC,3,1,2024-11-18
1493,TR-01493,1995,Male,ST,3,1,2024-11-18
1494,TR-01494,2007,Female,ST,2,1,2024-11-18
1495,TR-01495,2005,Other,ST,4,1,2024-11-18
1496,TR-01496,2000,Female,General,3,1,2024-11-18
