training_id,trainee_id,course_id,provider_id,cohort_id,start_date,end_date,completion_status,assessment_score,certification_id
1,1,1,2,1,2025-01-22,2025-04-16,completed,52.4,CERT-1
2,2,1,2,1,2025-01-22,2025-04-16,completed,69.0,CERT-2
3,3,1,2,1,2025-01-22,2025-04-16,completed,60.8,CERT-3
4,4,1,2,1,2025-01-22,2025-04-16,completed,53.8,CERT-4
5,5,1,2,1,2025-01-22,2025-04-16,completed,52.0,CERT-5
6,6,1,2,1,2025-01-22,2025-04-16,completed,50.1,CERT-6
7,7,1,2,1,2025-01-22,2025-04-16,completed,94.1,CERT-7
8,8,1,2,1,2025-01-22,2025-04-16,completed,53.7,CERT-8
9,9,1,2,1,2025-01-22,2025-04-16,completed,47.1,CERT-9
10,10,1,2,1,2025-01-22,2025-04-16,completed,97.3,CERT-10
11,11,1,2,1,2025-01-22,2025-04-16,completed,51.9,CERT-11
12,12,1,2,1,2025-01-22,2025-04-16,completed,50.9,CERT-12
13,13,1,2,1,2025-01-22,2025-04-16,completed,52.8,CERT-13
14,14,1,2,1,2025-01-22,2025-04-16,completed,88.3,CERT-14
15,15,1,2,1,2025-01-22,2025-04-16,completed,55.1,CERT-15
16,16,1,2,1,2025-01-22,2025-04-16,completed,89.2,CERT-16
17,17,1,2,1,2025-01-22,2025-04-16,completed,65.4,CERT-17
18,18,1,2,1,2025-01-22,2025-04-16,completed,84.8,CERT-18
19,19,1,2,1,2025-01-22,2025-04-16,completed,49.1,CERT-19
20,20,1,2,1,2025-01-22,2025-04-16,completed,59.5,CERT-20
21,21,1,2,1,2025-01-22,2025-04-16,dropped_out,73.6,
22,22,1,2,1,2025-01-22,2025-04-16,completed,79.5,CERT-22
23,23,1,2,1,2025-01-22,2025-04-16,completed,76.8,CERT-23
24,24,1,2,1,2025-01-22,2025-04-16,completed,49.6,CERT-24
25,25,1,2,1,2025-01-22,2025-04-16,completed,62.2,CERT-25
26,26,1,2,1,2025-01-22,2025-04-16,completed,74.2,CERT-26
27,27,1,2,1,2025-01-22,2025-04-16,completed,45.7,CERT-27
28,28,1,2,1,2025-01-22,2025-04-16,completed,84.2,CERT-28
29,29,1,2,1,2025-01-22,2025-04-16,completed,54.2,CERT-29
30,30,1,2,1,2025-01-22,2025-04-16,completed,76.5,CERT-30
31,31,1,2,1,2025-01-22,2025-04-16,completed,95.0,CERT-31
32,32,1,2,1,2025-01-22,2025-04-16,completed,60.3,CERT-32
33,33,1,2,1,2025-01-22,2025-04-16,completed,62.1,CERT-33
34,34,1,2,1,2025-01-22,2025-04-16,completed,54.9,CERT-34
35,35,1,2,1,2025-01-22,2025-04-16,completed,59.5,CERT-35
36,36,1,2,1,2025-01-22,2025-04-16,completed,93.9,CERT-36
37,37,1,2,1,2025-01-22,2025-04-16,completed,82.4,CERT-37
38,38,1,2,1,2025-01-22,2025-04-16,completed,76.3,CERT-38
39,39,1,2,1,2025-01-22,2025-04-16,dropped_out,52.6,
40,40,1,2,1,2025-01-22,2025-04-16,completed,81.7,CERT-40
41,41,1,2,1,2025-01-22,2025-04-16,completed,57.9,CERT-41
42,42,1,2,1,2025-01-22,2025-04-16,completed,65.4,CERT-42
43,43,1,2,1,2025-01-22,2025-04-16,completed,92.9,CERT-43
44,44,1,2,1,2025-01-22,2025-04-16,completed,57.0,CERT-44
45,45,1,2,1,2025-01-22,2025-04-16,completed,47.4,CERT-45
46,46,1,2,1,2025-01-22,2025-04-16,dropped_out,59.6,
47,47,1,2,1,2025-01-22,2025-04-16,completed,76.6,CERT-47
48,48,1,2,1,2025-01-22,2025-04-16,completed,67.3,CERT-48
49,49,1,2,1,2025-01-22,2025-04-16,completed,76.7,CERT-49
50,50,1,2,1,2025-01-22,2025-04-16,completed,74.8,CERT-50
51,51,1,2,1,2025-01-22,2025-04-16,dropped_out,59.5,
52,52,1,2,1,2025-01-22,2025-04-16,completed,52.6,CERT-52
53,53,1,2,1,2025-01-22,2025-04-16,completed,56.4,CERT-53
54,54,1,2,1,2025-01-22,2025-04-16,dropped_out,90.7,
55,55,1,2,1,2025-01-22,2025-04-16,completed,90.7,CERT-55
56,56,1,2,1,2025-01-22,2025-04-16,completed,55.3,CERT-56
57,57,1,2,1,2025-01-22,2025-04-16,completed,48.9,CERT-57
58,58,1,2,1,2025-01-22,2025-04-16,completed,72.8,CERT-58
59,59,1,2,1,2025-01-22,2025-04-16,completed,82.6,CERT-59
60,60,1,2,1,2025-01-22,2025-04-16,completed,91.4,CERT-60
61,61,1,2,1,2025-01-22,2025-04-16,completed,88.3,CERT-61
62,62,1,2,1,2025-01-22,2025-04-16,completed,74.4,CERT-62
63,63,1,2,1,2025-01-22,2025-04-16,completed,70.0,CERT-63
64,64,1,2,1,2025-01-22,2025-04-16,completed,46.0,CERT-64
65,65,1,2,1,2025-01-22,2025-04-16,completed,64.1,CERT-65
66,66,1,2,1,2025-01-22,2025-04-16,completed,47.3,CERT-66
67,67,1,2,1,2025-01-22,2025-04-16,completed,72.3,CERT-67
68,68,1,2,1,2025-01-22,2025-04-16,completed,90.7,CERT-68
69,69,1,2,2,2024-10-27,2025-01-19,completed,68.5,CERT-69
70,70,1,2,2,2024-10-27,2025-01-19,completed,64.7,CERT-70
71,71,1,2,2,2024-10-27,2025-01-19,completed,88.0,CERT-71
72,72,1,2,2,2024-10-27,2025-01-19,completed,90.1,CERT-72
73,73,1,2,2,2024-10-27,2025-01-19,completed,81.0,CERT-73
74,74,1,2,2,2024-10-27,2025-01-19,completed,74.9,CERT-74
75,75,1,2,2,2024-10-27,2025-01-19,completed,67.1,CERT-75
76,76,1,2,2,2024-10-27,2025-01-19,completed,69.7,CERT-76
77,77,1,2,2,2024-10-27,2025-01-19,completed,67.8,CERT-77
78,78,1,2,2,2024-10-27,2025-01-19,dropped_out,74.8,
79,79,1,2,2,2024-10-27,2025-01-19,completed,68.9,CERT-79
80,80,1,2,2,2024-10-27,2025-01-19,completed,72.0,CERT-80
81,81,1,2,2,2024-10-27,2025-01-19,completed,53.0,CERT-81
82,82,1,2,2,2024-10-27,2025-01-19,completed,96.6,CERT-82
83,83,1,2,2,2024-10-27,2025-01-19,completed,77.6,CERT-83
84,84,1,2,2,2024-10-27,2025-01-19,completed,49.7,CERT-84
85,85,1,2,2,2024-10-27,2025-01-19,completed,62.5,CERT-85
86,86,1,2,2,2024-10-27,2025-01-19,completed,53.5,CERT-86
87,87,1,2,2,2024-10-27,2025-01-19,dropped_out,74.9,
88,88,1,2,2,2024-10-27,2025-01-19,completed,52.9,CERT-88
89,89,1,2,2,2024-10-27,2025-01-19,completed,48.7,CERT-89
90,90,1,2,2,2024-10-27,2025-01-19,completed,92.2,CERT-90
91,91,1,2,2,2024-10-27,2025-01-19,completed,88.6,CERT-91
92,92,1,2,2,2024-10-27,2025-01-19,completed,86.1,CERT-92
93,93,1,2,2,2024-10-27,2025-01-19,completed,66.6,CERT-93
94,94,1,2,2,2024-10-27,2025-01-19,completed,77.0,CERT-94
95,95,1,2,2,2024-10-27,2025-01-19,completed,93.1,CERT-95
96,96,1,2,2,2024-10-27,2025-01-19,completed,74.8,CERT-96
97,97,1,2,2,2024-10-27,2025-01-19,completed,89.5,CERT-97
98,98,1,2,2,2024-10-27,2025-01-19,completed,82.0,CERT-98
99,99,1,2,2,2024-10-27,2025-01-19,dropped_out,45.5,
100,100,1,2,2,2024-10-27,2025-01-19,completed,62.6,CERT-100
101,101,1,2,2,2024-10-27,2025-01-19,completed,81.7,CERT-101
102,102,1,2,2,2024-10-27,2025-01-19,dropped_out,68.2,
103,103,1,2,2,2024-10-27,2025-01-19,completed,62.3,CERT-103
104,104,1,2,2,2024-10-27,2025-01-19,completed,54.9,CERT-104
105,105,1,2,2,2024-10-27,2025-01-19,completed,58.1,CERT-105
106,106,1,2,2,2024-10-27,2025-01-19,completed,86.7,CERT-106
107,107,1,2,2,2024-10-27,2025-01-19,completed,70.4,CERT-107
108,108,1,2,2,2024-10-27,2025-01-19,dropped_out,58.7,
109,109,1,2,2,2024-10-27,2025-01-19,completed,65.7,CERT-109
110,110,1,2,2,2024-10-27,2025-01-19,completed,84.2,CERT-110
111,111,1,2,2,2024-10-27,2025-01-19,completed,78.9,CERT-111
112,112,1,2,2,2024-10-27,2025-01-19,completed,54.9,CERT-112
113,113,1,2,2,2024-10-27,2025-01-19,completed,65.3,CERT-113
114,114,1,2,2,2024-10-27,2025-01-19,completed,97.5,CERT-114
115,115,1,2,2,2024-10-27,2025-01-19,completed,60.5,CERT-115
116,116,1,2,2,2024-10-27,2025-01-19,dropped_out,87.1,
117,117,1,2,2,2024-10-27,2025-01-19,completed,91.5,CERT-117
118,118,1,2,2,2024-10-27,2025-01-19,completed,45.0,CERT-118
119,119,1,2,2,2024-10-27,2025-01-19,completed,64.1,CERT-119
120,120,1,2,2,2024-10-27,2025-01-19,completed,50.4,CERT-120
121,121,1,2,2,2024-10-27,2025-01-19,completed,49.5,CERT-121
122,122,1,2,2,2024-10-27,2025-01-19,completed,75.1,CERT-122
123,123,1,2,2,2024-10-27,2025-01-19,completed,65.7,CERT-123
124,124,1,2,2,2024-10-27,2025-01-19,completed,53.7,CERT-124
125,125,1,2,2,2024-10-27,2025-01-19,completed,91.3,CERT-125
126,126,1,2,2,2024-10-27,2025-01-19,completed,93.8,CERT-126
127,127,1,2,2,2024-10-27,2025-01-19,dropped_out,55.6,
128,128,1,2,2,2024-10-27,2025-01-19,completed,76.4,CERT-128
129,129,1,2,2,2024-10-27,2025-01-19,completed,92.6,CERT-129
130,130,1,2,2,2024-10-27,2025-01-19,completed,69.7,CERT-130
131,131,1,2,2,2024-10-27,2025-01-19,completed,87.6,CERT-131
132,132,1,2,2,2024-10-27,2025-01-19,completed,91.8,CERT-132
133,133,1,2,2,2024-10-27,2025-01-19,completed,54.5,CERT-133
134,134,1,2,2,2024-10-27,2025-01-19,completed,46.5,CERT-134
135,135,1,2,2,2024-10-27,2025-01-19,completed,93.6,CERT-135
136,136,1,2,2,2024-10-27,2025-01-19,completed,95.3,CERT-136
137,137,2,10,3,2025-01-05,2025-03-30,completed,47.6,CERT-137
138,138,2,10,3,2025-01-05,2025-03-30,completed,64.9,CERT-138
139,139,2,10,3,2025-01-05,2025-03-30,completed,64.1,CERT-139
140,140,2,10,3,2025-01-05,2025-03-30,completed,63.2,CERT-140
141,141,2,10,3,2025-01-05,2025-03-30,completed,51.7,CERT-141
142,142,2,10,3,2025-01-05,2025-03-30,completed,78.0,CERT-142
143,143,2,10,3,2025-01-05,2025-03-30,dropped_out,88.3,
144,144,2,10,3,2025-01-05,2025-03-30,completed,81.3,CERT-144
145,145,2,10,3,2025-01-05,2025-03-30,completed,77.1,CERT-145
146,146,2,10,3,2025-01-05,2025-03-30,completed,57.8,CERT-146
147,147,2,10,3,2025-01-05,2025-03-30,completed,45.4,CERT-147
148,148,2,10,3,2025-01-05,2025-03-30,completed,62.8,CERT-148
149,149,2,10,3,2025-01-05,2025-03-30,completed,84.0,CERT-149
150,150,2,10,3,2025-01-05,2025-03-30,completed,76.0,CERT-150
151,151,2,10,3,2025-01-05,2025-03-30,completed,85.3,CERT-151
152,152,2,10,3,2025-01-05,2025-03-30,completed,78.2,CERT-152
153,153,2,10,3,2025-01-05,2025-03-30,completed,46.2,CERT-153
154,154,2,10,3,2025-01-05,2025-03-30,completed,59.3,CERT-154
155,155,2,10,3,2025-01-05,2025-03-30,completed,49.0,CERT-155
156,156,2,10,3,2025-01-05,2025-03-30,completed,59.2,CERT-156
157,157,2,10,3,2025-01-05,2025-03-30,completed,70.9,CERT-157
158,158,2,10,3,2025-01-05,2025-03-30,dropped_out,91.0,
159,159,2,10,3,2025-01-05,2025-03-30,completed,81.5,CERT-159
160,160,2,10,3,2025-01-05,2025-03-30,completed,62.5,CERT-160
161,161,2,10,3,2025-01-05,2025-03-30,completed,69.2,CERT-161
162,162,2,10,3,2025-01-05,2025-03-30,completed,84.4,CERT-162
163,163,2,10,3,2025-01-05,2025-03-30,completed,54.2,CERT-163
164,164,2,10,3,2025-01-05,2025-03-30,completed,77.3,CERT-164
165,165,2,10,3,2025-01-05,2025-03-30,completed,85.3,CERT-165
166,166,2,10,3,2025-01-05,2025-03-30,completed,74.7,CERT-166
167,167,2,10,3,2025-01-05,2025-03-30,completed,48.9,CERT-167
168,168,2,10,3,2025-01-05,2025-03-30,completed,59.0,CERT-168
169,169,2,10,3,2025-01-05,2025-03-30,completed,73.5,CERT-169
170,170,2,10,3,2025-01-05,2025-03-30,dropped_out,72.4,
171,171,2,10,3,2025-01-05,2025-03-30,completed,60.7,CERT-171
172,172,2,10,3,2025-01-05,2025-03-30,dropped_out,54.4,
173,173,2,10,3,2025-01-05,2025-03-30,completed,66.6,CERT-173
174,174,2,10,3,2025-01-05,2025-03-30,completed,88.6,CERT-174
175,175,2,10,3,2025-01-05,2025-03-30,completed,92.9,CERT-175
176,176,2,10,3,2025-01-05,2025-03-30,completed,55.5,CERT-176
177,177,2,10,3,2025-01-05,2025-03-30,completed,69.5,CERT-177
178,178,2,10,3,2025-01-05,2025-03-30,completed,52.9,CERT-178
179,179,2,10,3,2025-01-05,2025-03-30,completed,70.8,CERT-179
180,180,2,10,3,2025-01-05,2025-03-30,completed,63.7,CERT-180
181,181,2,10,3,2025-01-05,2025-03-30,completed,57.2,CERT-181
182,182,2,10,3,2025-01-05,2025-03-30,completed,52.8,CERT-182
183,183,2,10,3,2025-01-05,2025-03-30,completed,50.8,CERT-183
184,184,2,10,3,2025-01-05,2025-03-30,completed,65.2,CERT-184
185,185,2,10,3,2025-01-05,2025-03-30,completed,67.6,CERT-185
186,186,2,10,3,2025-01-05,2025-03-30,completed,87.4,CERT-186
187,187,2,10,3,2025-01-05,2025-03-30,completed,55.7,CERT-187
188,188,2,10,3,2025-01-05,2025-03-30,completed,88.2,CERT-188
189,189,2,10,3,2025-01-05,2025-03-30,completed,65.3,CERT-189
190,190,2,10,3,2025-01-05,2025-03-30,completed,45.5,CERT-190
191,191,2,10,3,2025-01-05,2025-03-30,dropped_out,94.4,
192,192,2,10,3,2025-01-05,2025-03-30,completed,59.3,CERT-192
193,193,2,10,3,2025-01-05,2025-03-30,completed,57.8,CERT-193
194,194,2,10,3,2025-01-05,2025-03-30,completed,73.7,CERT-194
195,195,2,10,3,2025-01-05,2025-03-30,completed,66.2,CERT-195
196,196,2,10,3,2025-01-05,2025-03-30,completed,70.3,CERT-196
197,197,2,10,3,2025-01-05,2025-03-30,completed,77.5,CERT-197
198,198,2,10,3,2025-01-05,2025-03-30,dropped_out,91.6,
199,199,2,10,3,2025-01-05,2025-03-30,completed,97.8,CERT-199
200,200,2,10,3,2025-01-05,2025-03-30,completed,52.2,CERT-200
201,201,2,10,3,2025-01-05,2025-03-30,completed,78.9,CERT-201
202,202,2,10,3,2025-01-05,2025-03-30,completed,91.8,CERT-202
203,203,2,10,3,2025-01-05,2025-03-30,completed,78.0,CERT-203
204,204,2,10,3,2025-01-05,2025-03-30,completed,92.5,CERT-204
205,205,2,10,4,2024-07-15,2024-10-07,completed,55.5,CERT-205
206,206,2,10,4,2024-07-15,2024-10-07,completed,53.9,CERT-206
207,207,2,10,4,2024-07-15,2024-10-07,completed,68.3,CERT-207
208,208,2,10,4,2024-07-15,2024-10-07,completed,71.8,CERT-208
209,209,2,10,4,2024-07-15,2024-10-07,completed,46.7,CERT-209
210,210,2,10,4,2024-07-15,2024-10-07,completed,59.1,CERT-210
211,211,2,10,4,2024-07-15,2024-10-07,completed,73.3,CERT-211
212,212,2,10,4,2024-07-15,2024-10-07,completed,56.8,CERT-212
213,213,2,10,4,2024-07-15,2024-10-07,completed,69.4,CERT-213
214,214,2,10,4,2024-07-15,2024-10-07,completed,68.0,CERT-214
215,215,2,10,4,2024-07-15,2024-10-07,dropped_out,72.8,
216,216,2,10,4,2024-07-15,2024-10-07,completed,82.0,CERT-216
217,217,2,10,4,2024-07-15,2024-10-07,completed,79.6,CERT-217
218,218,2,10,4,2024-07-15,2024-10-07,completed,57.4,CERT-218
219,219,2,10,4,2024-07-15,2024-10-07,completed,60.1,CERT-219
220,220,2,10,4,2024-07-15,2024-10-07,dropped_out,80.0,
221,221,2,10,4,2024-07-15,2024-10-07,completed,79.4,CERT-221
222,222,2,10,4,2024-07-15,2024-10-07,completed,92.2,CERT-222
223,223,2,10,4,2024-07-15,2024-10-07,completed,65.8,CERT-223
224,224,2,10,4,2024-07-15,2024-10-07,completed,95.3,CERT-224
225,225,2,10,4,2024-07-15,2024-10-07,completed,53.7,CERT-225
226,226,2,10,4,2024-07-15,2024-10-07,completed,68.9,CERT-226
227,227,2,10,4,2024-07-15,2024-10-07,completed,47.1,CERT-227
228,228,2,10,4,2024-07-15,2024-10-07,completed,68.9,CERT-228
229,229,2,10,4,2024-07-15,2024-10-07,completed,80.0,CERT-229
230,230,2,10,4,2024-07-15,2024-10-07,completed,70.2,CERT-230
231,231,2,10,4,2024-07-15,2024-10-07,completed,97.7,CERT-231
232,232,2,10,4,2024-07-15,2024-10-07,completed,81.5,CERT-232
233,233,2,10,4,2024-07-15,2024-10-07,completed,75.5,CERT-233
234,234,2,10,4,2024-07-15,2024-10-07,dropped_out,55.7,
235,235,2,10,4,2024-07-15,2024-10-07,completed,74.1,CERT-235
236,236,2,10,4,2024-07-15,2024-10-07,completed,80.9,CERT-236
237,237,2,10,4,2024-07-15,2024-10-07,completed,91.5,CERT-237
238,238,2,10,4,2024-07-15,2024-10-07,completed,82.8,CERT-238
239,239,2,10,4,2024-07-15,2024-10-07,completed,54.1,CERT-239
240,240,2,10,4,2024-07-15,2024-10-07,completed,61.5,CERT-240
241,241,2,10,4,2024-07-15,2024-10-07,completed,66.5,CERT-241
242,242,2,10,4,2024-07-15,2024-10-07,completed,50.2,CERT-242
243,243,2,10,4,2024-07-15,2024-10-07,completed,87.1,CERT-243
244,244,2,10,4,2024-07-15,2024-10-07,completed,66.5,CERT-244
245,245,2,10,4,2024-07-15,2024-10-07,completed,67.5,CERT-245
246,246,2,10,4,2024-07-15,2024-10-07,completed,89.9,CERT-246
247,247,2,10,4,2024-07-15,2024-10-07,completed,80.2,CERT-247
248,248,2,10,4,2024-07-15,2024-10-07,completed,60.5,CERT-248
249,249,2,10,4,2024-07-15,2024-10-07,completed,76.6,CERT-249
250,250,2,10,4,2024-07-15,2024-10-07,completed,53.9,CERT-250
251,251,2,10,4,2024-07-15,2024-10-07,completed,67.9,CERT-251
252,252,2,10,4,2024-07-15,2024-10-07,completed,76.0,CERT-252
253,253,2,10,4,2024-07-15,2024-10-07,dropped_out,76.5,
254,254,2,10,4,2024-07-15,2024-10-07,completed,77.0,CERT-254
255,255,2,10,4,2024-07-15,2024-10-07,completed,73.7,CERT-255
256,256,2,10,4,2024-07-15,2024-10-07,completed,81.5,CERT-256
257,257,2,10,4,2024-07-15,2024-10-07,completed,52.4,CERT-257
258,258,2,10,4,2024-07-15,2024-10-07,completed,70.9,CERT-258
259,259,2,10,4,2024-07-15,2024-10-07,completed,75.5,CERT-259
260,260,2,10,4,2024-07-15,2024-10-07,completed,76.5,CERT-260
261,261,2,10,4,2024-07-15,2024-10-07,completed,79.9,CERT-261
262,262,2,10,4,2024-07-15,2024-10-07,completed,76.4,CERT-262
263,263,2,10,4,2024-07-15,2024-10-07,completed,55.3,CERT-263
264,264,2,10,4,2024-07-15,2024-10-07,dropped_out,67.7,
265,265,2,10,4,2024-07-15,2024-10-07,completed,92.3,CERT-265
266,266,2,10,4,2024-07-15,2024-10-07,completed,91.3,CERT-266
267,267,2,10,4,2024-07-15,2024-10-07,completed,50.9,CERT-267
268,268,2,10,4,2024-07-15,2024-10-07,completed,89.0,CERT-268
269,269,2,10,4,2024-07-15,2024-10-07,completed,84.1,CERT-269
270,270,2,10,4,2024-07-15,2024-10-07,completed,53.8,CERT-270
271,271,2,10,4,2024-07-15,2024-10-07,completed,51.2,CERT-271
272,272,2,10,4,2024-07-15,2024-10-07,completed,82.5,CERT-272
273,273,3,2,5,2024-02-16,2024-05-10,completed,51.0,CERT-273
274,274,3,2,5,2024-02-16,2024-05-10,completed,77.0,CERT-274
275,275,3,2,5,2024-02-16,2024-05-10,completed,61.1,CERT-275
276,276,3,2,5,2024-02-16,2024-05-10,completed,66.7,CERT-276
277,277,3,2,5,2024-02-16,2024-05-10,completed,89.1,CERT-277
278,278,3,2,5,2024-02-16,2024-05-10,completed,75.0,CERT-278
279,279,3,2,5,2024-02-16,2024-05-10,completed,53.6,CERT-279
280,280,3,2,5,2024-02-16,2024-05-10,completed,45.7,CERT-280
281,281,3,2,5,2024-02-16,2024-05-10,completed,70.4,CERT-281
282,282,3,2,5,2024-02-16,2024-05-10,completed,72.2,CERT-282
283,283,3,2,5,2024-02-16,2024-05-10,completed,86.4,CERT-283
284,284,3,2,5,2024-02-16,2024-05-10,completed,50.8,CERT-284
285,285,3,2,5,2024-02-16,2024-05-10,completed,80.9,CERT-285
286,286,3,2,5,2024-02-16,2024-05-10,completed,69.1,CERT-286
287,287,3,2,5,2024-02-16,2024-05-10,completed,58.9,CERT-287
288,288,3,2,5,2024-02-16,2024-05-10,completed,65.7,CERT-288
289,289,3,2,5,2024-02-16,2024-05-10,completed,73.5,CERT-289
290,290,3,2,5,2024-02-16,2024-05-10,completed,73.4,CERT-290
291,291,3,2,5,2024-02-16,2024-05-10,completed,72.4,CERT-291
292,292,3,2,5,2024-02-16,2024-05-10,completed,51.0,CERT-292
293,293,3,2,5,2024-02-16,2024-05-10,completed,89.5,CERT-293
294,294,3,2,5,2024-02-16,2024-05-10,completed,49.8,CERT-294
295,295,3,2,5,2024-02-16,2024-05-10,completed,91.6,CERT-295
296,296,3,2,5,2024-02-16,2024-05-10,completed,80.1,CERT-296
297,297,3,2,5,2024-02-16,2024-05-10,completed,95.8,CERT-297
298,298,3,2,5,2024-02-16,2024-05-10,completed,62.6,CERT-298
299,299,3,2,5,2024-02-16,2024-05-10,completed,61.9,CERT-299
300,300,3,2,5,2024-02-16,2024-05-10,completed,95.8,CERT-300
301,301,3,2,5,2024-02-16,2024-05-10,completed,64.6,CERT-301
302,302,3,2,5,2024-02-16,2024-05-10,completed,52.0,CERT-302
303,303,3,2,5,2024-02-16,2024-05-10,completed,91.5,CERT-303
304,304,3,2,5,2024-02-16,2024-05-10,dropped_out,52.9,
305,305,3,2,5,2024-02-16,2024-05-10,completed,82.4,CERT-305
306,306,3,2,5,2024-02-16,2024-05-10,completed,75.3,CERT-306
307,307,3,2,5,2024-02-16,2024-05-10,completed,47.6,CERT-307
308,308,3,2,5,2024-02-16,2024-05-10,completed,77.0,CERT-308
309,309,3,2,5,2024-02-16,2024-05-10,completed,68.2,CERT-309
310,310,3,2,5,2024-02-16,2024-05-10,completed,72.7,CERT-310
311,311,3,2,5,2024-02-16,2024-05-10,completed,60.8,CERT-311
312,312,3,2,5,2024-02-16,2024-05-10,completed,88.1,CERT-312
313,313,3,2,5,2024-02-16,2024-05-10,completed,70.0,CERT-313
314,314,3,2,5,2024-02-16,2024-05-10,dropped_out,45.4,
315,315,3,2,5,2024-02-16,2024-05-10,dropped_out,66.2,
316,316,3,2,5,2024-02-16,2024-05-10,completed,67.4,CERT-316
317,317,3,2,5,2024-02-16,2024-05-10,completed,84.7,CERT-317
318,318,3,2,5,2024-02-16,2024-05-10,completed,97.7,CERT-318
319,319,3,2,5,2024-02-16,2024-05-10,completed,94.1,CERT-319
320,320,3,2,5,2024-02-16,2024-05-10,completed,70.1,CERT-320
321,321,3,2,5,2024-02-16,2024-05-10,completed,65.8,CERT-321
322,322,3,2,5,2024-02-16,2024-05-10,dropped_out,62.7,
323,323,3,2,5,2024-02-16,2024-05-10,completed,72.1,CERT-323
324,324,3,2,5,2024-02-16,2024-05-10,completed,86.6,CERT-324
325,325,3,2,5,2024-02-16,2024-05-10,completed,81.5,CERT-325
326,326,3,2,5,2024-02-16,2024-05-10,completed,69.3,CERT-326
327,327,3,2,5,2024-02-16,2024-05-10,completed,46.7,CERT-327
328,328,3,2,5,2024-02-16,2024-05-10,completed,67.1,CERT-328
329,329,3,2,5,2024-02-16,2024-05-10,completed,49.5,CERT-329
330,330,3,2,5,2024-02-16,2024-05-10,completed,46.0,CERT-330
331,331,3,2,5,2024-02-16,2024-05-10,completed,49.8,CERT-331
332,332,3,2,5,2024-02-16,2024-05-10,completed,53.2,CERT-332
333,333,3,2,5,2024-02-16,2024-05-10,completed,60.8,CERT-333
334,334,3,2,5,2024-02-16,2024-05-10,completed,74.4,CERT-334
335,335,3,2,5,2024-02-16,2024-05-10,completed,52.5,CERT-335
336,336,3,2,5,2024-02-16,2024-05-10,completed,51.5,CERT-336
337,337,3,2,5,2024-02-16,2024-05-10,completed,79.4,CERT-337
338,338,3,2,5,2024-02-16,2024-05-10,completed,88.3,CERT-338
339,339,3,2,5,2024-02-16,2024-05-10,completed,83.6,CERT-339
340,340,3,2,5,2024-02-16,2024-05-10,completed,61.8,CERT-340
341,341,3,4,6,2024-10-23,2025-01-15,completed,95.8,CERT-341
342,342,3,4,6,2024-10-23,2025-01-15,completed,78.1,CERT-342
343,343,3,4,6,2024-10-23,2025-01-15,completed,67.7,CERT-343
344,344,3,4,6,2024-10-23,2025-01-15,completed,79.5,CERT-344
345,345,3,4,6,2024-10-23,2025-01-15,completed,67.2,CERT-345
346,346,3,4,6,2024-10-23,2025-01-15,completed,68.3,CERT-346
347,347,3,4,6,2024-10-23,2025-01-15,completed,48.5,CERT-347
348,348,3,4,6,2024-10-23,2025-01-15,completed,86.9,CERT-348
349,349,3,4,6,2024-10-23,2025-01-15,completed,65.0,CERT-349
350,350,3,4,6,2024-10-23,2025-01-15,completed,94.1,CERT-350
351,351,3,4,6,2024-10-23,2025-01-15,completed,57.1,CERT-351
352,352,3,4,6,2024-10-23,2025-01-15,completed,84.9,CERT-352
353,353,3,4,6,2024-10-23,2025-01-15,completed,74.3,CERT-353
354,354,3,4,6,2024-10-23,2025-01-15,completed,61.4,CERT-354
355,355,3,4,6,2024-10-23,2025-01-15,completed,81.3,CERT-355
356,356,3,4,6,2024-10-23,2025-01-15,completed,50.1,CERT-356
357,357,3,4,6,2024-10-23,2025-01-15,completed,66.0,CERT-357
358,358,3,4,6,2024-10-23,2025-01-15,completed,82.9,CERT-358
359,359,3,4,6,2024-10-23,2025-01-15,completed,61.3,CERT-359
360,360,3,4,6,2024-10-23,2025-01-15,completed,51.4,CERT-360
361,361,3,4,6,2024-10-23,2025-01-15,completed,96.5,CERT-361
362,362,3,4,6,2024-10-23,2025-01-15,completed,77.8,CERT-362
363,363,3,4,6,2024-10-23,2025-01-15,completed,80.2,CERT-363
364,364,3,4,6,2024-10-23,2025-01-15,completed,69.8,CERT-364
365,365,3,4,6,2024-10-23,2025-01-15,completed,53.1,CERT-365
366,366,3,4,6,2024-10-23,2025-01-15,completed,51.6,CERT-366
367,367,3,4,6,2024-10-23,2025-01-15,completed,70.9,CERT-367
368,368,3,4,6,2024-10-23,2025-01-15,completed,55.0,CERT-368
369,369,3,4,6,2024-10-23,2025-01-15,dropped_out,48.7,
370,370,3,4,6,2024-10-23,2025-01-15,completed,54.0,CERT-370
371,371,3,4,6,2024-10-23,2025-01-15,completed,80.7,CERT-371
372,372,3,4,6,2024-10-23,2025-01-15,completed,59.8,CERT-372
373,373,3,4,6,2024-10-23,2025-01-15,completed,60.6,CERT-373
374,374,3,4,6,2024-10-23,2025-01-15,completed,95.4,CERT-374
375,375,3,4,6,2024-10-23,2025-01-15,completed,94.7,CERT-375
376,376,3,4,6,2024-10-23,2025-01-15,completed,60.0,CERT-376
377,377,3,4,6,2024-10-23,2025-01-15,completed,74.0,CERT-377
378,378,3,4,6,2024-10-23,2025-01-15,completed,84.7,CERT-378
379,379,3,4,6,2024-10-23,2025-01-15,completed,70.9,CERT-379
380,380,3,4,6,2024-10-23,2025-01-15,completed,54.6,CERT-380
381,381,3,4,6,2024-10-23,2025-01-15,dropped_out,68.7,
382,382,3,4,6,2024-10-23,2025-01-15,completed,79.6,CERT-382
383,383,3,4,6,2024-10-23,2025-01-15,completed,80.1,CERT-383
384,384,3,4,6,2024-10-23,2025-01-15,completed,81.9,CERT-384
385,385,3,4,6,2024-10-23,2025-01-15,completed,96.3,CERT-385
386,386,3,4,6,2024-10-23,2025-01-15,completed,81.4,CERT-386
387,387,3,4,6,2024-10-23,2025-01-15,completed,78.6,CERT-387
388,388,3,4,6,2024-10-23,2025-01-15,completed,80.7,CERT-388
389,389,3,4,6,2024-10-23,2025-01-15,completed,72.2,CERT-389
390,390,3,4,6,2024-10-23,2025-01-15,completed,81.0,CERT-390
391,391,3,4,6,2024-10-23,2025-01-15,completed,56.3,CERT-391
392,392,3,4,6,2024-10-23,2025-01-15,completed,72.3,CERT-392
393,393,3,4,6,2024-10-23,2025-01-15,completed,92.8,CERT-393
394,394,3,4,6,2024-10-23,2025-01-15,completed,85.7,CERT-394
395,395,3,4,6,2024-10-23,2025-01-15,completed,82.4,CERT-395
396,396,3,4,6,2024-10-23,2025-01-15,completed,52.0,CERT-396
397,397,3,4,6,2024-10-23,2025-01-15,completed,70.0,CERT-397
398,398,3,4,6,2024-10-23,2025-01-15,completed,50.9,CERT-398
399,399,3,4,6,2024-10-23,2025-01-15,completed,55.7,CERT-399
400,400,3,4,6,2024-10-23,2025-01-15,completed,84.8,CERT-400
401,401,3,4,6,2024-10-23,2025-01-15,completed,78.9,CERT-401
402,402,3,4,6,2024-10-23,2025-01-15,completed,56.1,CERT-402
403,403,3,4,6,2024-10-23,2025-01-15,completed,58.6,CERT-403
404,404,3,4,6,2024-10-23,2025-01-15,completed,88.3,CERT-404
405,405,3,4,6,2024-10-23,2025-01-15,completed,59.2,CERT-405
406,406,3,4,6,2024-10-23,2025-01-15,completed,49.5,CERT-406
407,407,3,4,6,2024-10-23,2025-01-15,completed,60.2,CERT-407
408,408,3,4,6,2024-10-23,2025-01-15,completed,95.7,CERT-408
409,409,4,2,7,2024-08-26,2024-11-18,completed,65.7,CERT-409
410,410,4,2,7,2024-08-26,2024-11-18,completed,59.8,CERT-410
411,411,4,2,7,2024-08-26,2024-11-18,dropped_out,97.7,
412,412,4,2,7,2024-08-26,2024-11-18,completed,93.8,CERT-412
413,413,4,2,7,2024-08-26,2024-11-18,completed,80.1,CERT-413
414,414,4,2,7,2024-08-26,2024-11-18,completed,45.6,CERT-414
415,415,4,2,7,2024-08-26,2024-11-18,completed,71.6,CERT-415
416,416,4,2,7,2024-08-26,2024-11-18,completed,51.6,CERT-416
417,417,4,2,7,2024-08-26,2024-11-18,completed,61.4,CERT-417
418,418,4,2,7,2024-08-26,2024-11-18,completed,82.2,CERT-418
419,419,4,2,7,2024-08-26,2024-11-18,completed,71.6,CERT-419
420,420,4,2,7,2024-08-26,2024-11-18,completed,64.1,CERT-420
421,421,4,2,7,2024-08-26,2024-11-18,completed,75.0,CERT-421
422,422,4,2,7,2024-08-26,2024-11-18,completed,69.1,CERT-422
423,423,4,2,7,2024-08-26,2024-11-18,completed,81.2,CERT-423
424,424,4,2,7,2024-08-26,2024-11-18,completed,62.4,CERT-424
425,425,4,2,7,2024-08-26,2024-11-18,completed,95.5,CERT-425
426,426,4,2,7,2024-08-26,2024-11-18,completed,49.3,CERT-426
427,427,4,2,7,2024-08-26,2024-11-18,completed,47.8,CERT-427
428,428,4,2,7,2024-08-26,2024-11-18,completed,70.5,CERT-428
429,429,4,2,7,2024-08-26,2024-11-18,completed,95.0,CERT-429
430,430,4,2,7,2024-08-26,2024-11-18,completed,54.9,CERT-430
431,431,4,2,7,2024-08-26,2024-11-18,completed,55.1,CERT-431
432,432,4,2,7,2024-08-26,2024-11-18,completed,71.6,CERT-432
433,433,4,2,7,2024-08-26,2024-11-18,completed,73.8,CERT-433
434,434,4,2,7,2024-08-26,2024-11-18,completed,71.7,CERT-434
435,435,4,2,7,2024-08-26,2024-11-18,completed,51.1,CERT-435
436,436,4,2,7,2024-08-26,2024-11-18,dropped_out,64.9,
437,437,4,2,7,2024-08-26,2024-11-18,completed,59.0,CERT-437
438,438,4,2,7,2024-08-26,2024-11-18,dropped_out,46.4,
439,439,4,2,7,2024-08-26,2024-11-18,completed,95.8,CERT-439
440,440,4,2,7,2024-08-26,2024-11-18,completed,87.5,CERT-440
441,441,4,2,7,2024-08-26,2024-11-18,completed,49.9,CERT-441
442,442,4,2,7,2024-08-26,2024-11-18,completed,75.7,CERT-442
443,443,4,2,7,2024-08-26,2024-11-18,completed,80.0,CERT-443
444,444,4,2,7,2024-08-26,2024-11-18,completed,83.6,CERT-444
445,445,4,2,7,2024-08-26,2024-11-18,completed,79.6,CERT-445
446,446,4,2,7,2024-08-26,2024-11-18,completed,75.1,CERT-446
447,447,4,2,7,2024-08-26,2024-11-18,completed,61.9,CERT-447
448,448,4,2,7,2024-08-26,2024-11-18,completed,51.6,CERT-448
449,449,4,2,7,2024-08-26,2024-11-18,completed,66.2,CERT-449
450,450,4,2,7,2024-08-26,2024-11-18,completed,86.6,CERT-450
451,451,4,2,7,2024-08-26,2024-11-18,completed,62.1,CERT-451
452,452,4,2,7,2024-08-26,2024-11-18,completed,89.3,CERT-452
453,453,4,2,7,2024-08-26,2024-11-18,completed,91.0,CERT-453
454,454,4,2,7,2024-08-26,2024-11-18,dropped_out,80.1,
455,455,4,2,7,2024-08-26,2024-11-18,completed,49.5,CERT-455
456,456,4,2,7,2024-08-26,2024-11-18,completed,59.6,CERT-456
457,457,4,2,7,2024-08-26,2024-11-18,completed,88.7,CERT-457
458,458,4,2,7,2024-08-26,2024-11-18,completed,60.3,CERT-458
459,459,4,2,7,2024-08-26,2024-11-18,completed,47.4,CERT-459
460,460,4,2,7,2024-08-26,2024-11-18,completed,83.6,CERT-460
461,461,4,2,7,2024-08-26,2024-11-18,completed,59.6,CERT-461
462,462,4,2,7,2024-08-26,2024-11-18,completed,88.7,CERT-462
463,463,4,2,7,2024-08-26,2024-11-18,completed,50.2,CERT-463
464,464,4,2,7,2024-08-26,2024-11-18,completed,96.0,CERT-464
465,465,4,2,7,2024-08-26,2024-11-18,dropped_out,89.0,
466,466,4,2,7,2024-08-26,2024-11-18,completed,75.0,CERT-466
467,467,4,2,7,2024-08-26,2024-11-18,completed,72.4,CERT-467
468,468,4,2,7,2024-08-26,2024-11-18,completed,74.0,CERT-468
469,469,4,2,7,2024-08-26,2024-11-18,completed,54.8,CERT-469
470,470,4,2,7,2024-08-26,2024-11-18,completed,60.4,CERT-470
471,471,4,2,7,2024-08-26,2024-11-18,completed,82.0,CERT-471
472,472,4,2,7,2024-08-26,2024-11-18,completed,54.2,CERT-472
473,473,4,2,7,2024-08-26,2024-11-18,dropped_out,83.8,
474,474,4,2,7,2024-08-26,2024-11-18,completed,81.0,CERT-474
475,475,4,2,7,2024-08-26,2024-11-18,completed,68.2,CERT-475
476,476,4,2,7,2024-08-26,2024-11-18,completed,83.7,CERT-476
477,477,4,2,8,2025-01-24,2025-04-18,completed,63.9,CERT-477
478,478,4,2,8,2025-01-24,2025-04-18,completed,75.2,CERT-478
479,479,4,2,8,2025-01-24,2025-04-18,completed,48.0,CERT-479
480,480,4,2,8,2025-01-24,2025-04-18,dropped_out,67.3,
481,481,4,2,8,2025-01-24,2025-04-18,completed,88.3,CERT-481
482,482,4,2,8,2025-01-24,2025-04-18,dropped_out,86.4,
483,483,4,2,8,2025-01-24,2025-04-18,completed,84.1,CERT-483
484,484,4,2,8,2025-01-24,2025-04-18,completed,49.1,CERT-484
485,485,4,2,8,2025-01-24,2025-04-18,completed,59.2,CERT-485
486,486,4,2,8,2025-01-24,2025-04-18,completed,55.8,CERT-486
487,487,4,2,8,2025-01-24,2025-04-18,completed,65.4,CERT-487
488,488,4,2,8,2025-01-24,2025-04-18,completed,74.3,CERT-488
489,489,4,2,8,2025-01-24,2025-04-18,completed,75.1,CERT-489
490,490,4,2,8,2025-01-24,2025-04-18,completed,45.9,CERT-490
491,491,4,2,8,2025-01-24,2025-04-18,completed,77.8,CERT-491
492,492,4,2,8,2025-01-24,2025-04-18,completed,49.1,CERT-492
493,493,4,2,8,2025-01-24,2025-04-18,completed,65.1,CERT-493
494,494,4,2,8,2025-01-24,2025-04-18,completed,84.7,CERT-494
495,495,4,2,8,2025-01-24,2025-04-18,completed,66.7,CERT-495
496,496,4,2,8,2025-01-24,2025-04-18,completed,81.9,CERT-496
497,497,4,2,8,2025-01-24,2025-04-18,completed,69.0,CERT-497
498,498,4,2,8,2025-01-24,2025-04-18,completed,51.3,CERT-498
499,499,4,2,8,2025-01-24,2025-04-18,completed,59.9,CERT-499
500,500,4,2,8,2025-01-24,2025-04-18,completed,50.8,CERT-500
501,501,4,2,8,2025-01-24,2025-04-18,completed,52.3,CERT-501
502,502,4,2,8,2025-01-24,2025-04-18,completed,91.2,CERT-502
503,503,4,2,8,2025-01-24,2025-04-18,completed,89.6,CERT-503
504,504,4,2,8,2025-01-24,2025-04-18,completed,60.7,CERT-504
505,505,4,2,8,2025-01-24,2025-04-18,dropped_out,85.9,
506,506,4,2,8,2025-01-24,2025-04-18,completed,67.5,CERT-506
507,507,4,2,8,2025-01-24,2025-04-18,completed,72.5,CERT-507
508,508,4,2,8,2025-01-24,2025-04-18,dropped_out,84.7,
509,509,4,2,8,2025-01-24,2025-04-18,completed,49.1,CERT-509
510,510,4,2,8,2025-01-24,2025-04-18,completed,56.8,CERT-510
511,511,4,2,8,2025-01-24,2025-04-18,completed,94.9,CERT-511
512,512,4,2,8,2025-01-24,2025-04-18,completed,57.5,CERT-512
513,513,4,2,8,2025-01-24,2025-04-18,completed,77.6,CERT-513
514,514,4,2,8,2025-01-24,2025-04-18,dropped_out,96.8,
515,515,4,2,8,2025-01-24,2025-04-18,completed,62.5,CERT-515
516,516,4,2,8,2025-01-24,2025-04-18,completed,58.9,CERT-516
517,517,4,2,8,2025-01-24,2025-04-18,completed,62.3,CERT-517
518,518,4,2,8,2025-01-24,2025-04-18,completed,86.8,CERT-518
519,519,4,2,8,2025-01-24,2025-04-18,completed,90.3,CERT-519
520,520,4,2,8,2025-01-24,2025-04-18,completed,54.5,CERT-520
521,521,4,2,8,2025-01-24,2025-04-18,dropped_out,61.5,
522,522,4,2,8,2025-01-24,2025-04-18,completed,46.8,CERT-522
523,523,4,2,8,2025-01-24,2025-04-18,completed,89.8,CERT-523
524,524,4,2,8,2025-01-24,2025-04-18,completed,68.5,CERT-524
525,525,4,2,8,2025-01-24,2025-04-18,completed,81.1,CERT-525
526,526,4,2,8,2025-01-24,2025-04-18,completed,54.4,CERT-526
527,527,4,2,8,2025-01-24,2025-04-18,completed,68.0,CERT-527
528,528,4,2,8,2025-01-24,2025-04-18,completed,65.0,CERT-528
529,529,4,2,8,2025-01-24,2025-04-18,completed,64.8,CERT-529
530,530,4,2,8,2025-01-24,2025-04-18,completed,62.7,CERT-530
531,531,4,2,8,2025-01-24,2025-04-18,completed,69.4,CERT-531
532,532,4,2,8,2025-01-24,2025-04-18,completed,90.5,CERT-532
533,533,4,2,8,2025-01-24,2025-04-18,completed,63.4,CERT-533
534,534,4,2,8,2025-01-24,2025-04-18,completed,64.6,CERT-534
535,535,4,2,8,2025-01-24,2025-04-18,completed,50.4,CERT-535
536,536,4,2,8,2025-01-24,2025-04-18,completed,65.4,CERT-536
537,537,4,2,8,2025-01-24,2025-04-18,completed,88.1,CERT-537
538,538,4,2,8,2025-01-24,2025-04-18,completed,70.9,CERT-538
539,539,4,2,8,2025-01-24,2025-04-18,completed,49.5,CERT-539
540,540,4,2,8,2025-01-24,2025-04-18,completed,78.7,CERT-540
541,541,4,2,8,2025-01-24,2025-04-18,completed,80.6,CERT-541
542,542,4,2,8,2025-01-24,2025-04-18,completed,62.4,CERT-542
543,543,4,2,8,2025-01-24,2025-04-18,dropped_out,78.1,
544,544,4,2,8,2025-01-24,2025-04-18,completed,85.5,CERT-544
545,545,5,5,9,2025-04-09,2025-07-02,completed,95.3,CERT-545
546,546,5,5,9,2025-04-09,2025-07-02,completed,68.8,CERT-546
547,547,5,5,9,2025-04-09,2025-07-02,completed,79.8,CERT-547
548,548,5,5,9,2025-04-09,2025-07-02,completed,46.5,CERT-548
549,549,5,5,9,2025-04-09,2025-07-02,completed,60.5,CERT-549
550,550,5,5,9,2025-04-09,2025-07-02,completed,87.2,CERT-550
551,551,5,5,9,2025-04-09,2025-07-02,completed,96.0,CERT-551
552,552,5,5,9,2025-04-09,2025-07-02,completed,51.6,CERT-552
553,553,5,5,9,2025-04-09,2025-07-02,completed,68.9,CERT-553
554,554,5,5,9,2025-04-09,2025-07-02,completed,45.6,CERT-554
555,555,5,5,9,2025-04-09,2025-07-02,completed,83.6,CERT-555
556,556,5,5,9,2025-04-09,2025-07-02,completed,79.5,CERT-556
557,557,5,5,9,2025-04-09,2025-07-02,completed,70.2,CERT-557
558,558,5,5,9,2025-04-09,2025-07-02,completed,95.4,CERT-558
559,559,5,5,9,2025-04-09,2025-07-02,completed,90.7,CERT-559
560,560,5,5,9,2025-04-09,2025-07-02,completed,59.3,CERT-560
561,561,5,5,9,2025-04-09,2025-07-02,completed,63.8,CERT-561
562,562,5,5,9,2025-04-09,2025-07-02,completed,66.4,CERT-562
563,563,5,5,9,2025-04-09,2025-07-02,completed,55.7,CERT-563
564,564,5,5,9,2025-04-09,2025-07-02,completed,62.3,CERT-564
565,565,5,5,9,2025-04-09,2025-07-02,completed,60.1,CERT-565
566,566,5,5,9,2025-04-09,2025-07-02,completed,56.4,CERT-566
567,567,5,5,9,2025-04-09,2025-07-02,completed,95.9,CERT-567
568,568,5,5,9,2025-04-09,2025-07-02,completed,83.9,CERT-568
569,569,5,5,9,2025-04-09,2025-07-02,completed,66.3,CERT-569
570,570,5,5,9,2025-04-09,2025-07-02,completed,73.6,CERT-570
571,571,5,5,9,2025-04-09,2025-07-02,completed,53.7,CERT-571
572,572,5,5,9,2025-04-09,2025-07-02,completed,95.1,CERT-572
573,573,5,5,9,2025-04-09,2025-07-02,completed,87.4,CERT-573
574,574,5,5,9,2025-04-09,2025-07-02,completed,45.5,CERT-574
575,575,5,5,9,2025-04-09,2025-07-02,dropped_out,46.4,
576,576,5,5,9,2025-04-09,2025-07-02,completed,47.5,CERT-576
577,577,5,5,9,2025-04-09,2025-07-02,completed,80.4,CERT-577
578,578,5,5,9,2025-04-09,2025-07-02,completed,75.7,CERT-578
579,579,5,5,9,2025-04-09,2025-07-02,dropped_out,78.6,
580,580,5,5,9,2025-04-09,2025-07-02,dropped_out,70.5,
581,581,5,5,9,2025-04-09,2025-07-02,completed,56.4,CERT-581
582,582,5,5,9,2025-04-09,2025-07-02,completed,63.4,CERT-582
583,583,5,5,9,2025-04-09,2025-07-02,completed,81.1,CERT-583
584,584,5,5,9,2025-04-09,2025-07-02,completed,83.9,CERT-584
585,585,5,5,9,2025-04-09,2025-07-02,completed,72.8,CERT-585
586,586,5,5,9,2025-04-09,2025-07-02,completed,77.3,CERT-586
587,587,5,5,9,2025-04-09,2025-07-02,completed,59.9,CERT-587
588,588,5,5,9,2025-04-09,2025-07-02,completed,58.3,CERT-588
589,589,5,5,9,2025-04-09,2025-07-02,completed,83.1,CERT-589
590,590,5,5,9,2025-04-09,2025-07-02,completed,86.5,CERT-590
591,591,5,5,9,2025-04-09,2025-07-02,completed,85.1,CERT-591
592,592,5,5,9,2025-04-09,2025-07-02,completed,66.0,CERT-592
593,593,5,5,9,2025-04-09,2025-07-02,completed,47.2,CERT-593
594,594,5,5,9,2025-04-09,2025-07-02,completed,97.0,CERT-594
595,595,5,5,9,2025-04-09,2025-07-02,completed,49.1,CERT-595
596,596,5,5,9,2025-04-09,2025-07-02,completed,93.6,CERT-596
597,597,5,5,9,2025-04-09,2025-07-02,completed,83.0,CERT-597
598,598,5,5,9,2025-04-09,2025-07-02,completed,56.4,CERT-598
599,599,5,5,9,2025-04-09,2025-07-02,completed,71.2,CERT-599
600,600,5,5,9,2025-04-09,2025-07-02,completed,46.1,CERT-600
601,601,5,5,9,2025-04-09,2025-07-02,completed,82.4,CERT-601
602,602,5,5,9,2025-04-09,2025-07-02,completed,92.1,CERT-602
603,603,5,5,9,2025-04-09,2025-07-02,completed,76.3,CERT-603
604,604,5,5,9,2025-04-09,2025-07-02,completed,62.0,CERT-604
605,605,5,5,9,2025-04-09,2025-07-02,completed,61.2,CERT-605
606,606,5,5,9,2025-04-09,2025-07-02,completed,61.3,CERT-606
607,607,5,5,9,2025-04-09,2025-07-02,completed,82.8,CERT-607
608,608,5,5,9,2025-04-09,2025-07-02,completed,91.6,CERT-608
609,609,5,5,9,2025-04-09,2025-07-02,completed,92.8,CERT-609
610,610,5,5,9,2025-04-09,2025-07-02,dropped_out,85.7,
611,611,5,5,9,2025-04-09,2025-07-02,completed,92.8,CERT-611
612,612,5,5,9,2025-04-09,2025-07-02,completed,50.9,CERT-612
613,613,5,6,10,2024-06-15,2024-09-07,completed,63.1,CERT-613
614,614,5,6,10,2024-06-15,2024-09-07,completed,53.1,CERT-614
615,615,5,6,10,2024-06-15,2024-09-07,dropped_out,45.2,
616,616,5,6,10,2024-06-15,2024-09-07,completed,85.4,CERT-616
617,617,5,6,10,2024-06-15,2024-09-07,completed,60.9,CERT-617
618,618,5,6,10,2024-06-15,2024-09-07,completed,61.3,CERT-618
619,619,5,6,10,2024-06-15,2024-09-07,completed,87.4,CERT-619
620,620,5,6,10,2024-06-15,2024-09-07,completed,61.3,CERT-620
621,621,5,6,10,2024-06-15,2024-09-07,completed,65.2,CERT-621
622,622,5,6,10,2024-06-15,2024-09-07,dropped_out,92.2,
623,623,5,6,10,2024-06-15,2024-09-07,completed,59.9,CERT-623
624,624,5,6,10,2024-06-15,2024-09-07,completed,69.9,CERT-624
625,625,5,6,10,2024-06-15,2024-09-07,completed,54.4,CERT-625
626,626,5,6,10,2024-06-15,2024-09-07,dropped_out,52.4,
627,627,5,6,10,2024-06-15,2024-09-07,dropped_out,87.0,
628,628,5,6,10,2024-06-15,2024-09-07,completed,78.1,CERT-628
629,629,5,6,10,2024-06-15,2024-09-07,completed,76.4,CERT-629
630,630,5,6,10,2024-06-15,2024-09-07,completed,85.9,CERT-630
631,631,5,6,10,2024-06-15,2024-09-07,completed,61.9,CERT-631
632,632,5,6,10,2024-06-15,2024-09-07,completed,65.2,CERT-632
633,633,5,6,10,2024-06-15,2024-09-07,completed,95.1,CERT-633
634,634,5,6,10,2024-06-15,2024-09-07,completed,67.1,CERT-634
635,635,5,6,10,2024-06-15,2024-09-07,completed,62.5,CERT-635
636,636,5,6,10,2024-06-15,2024-09-07,completed,86.9,CERT-636
637,637,5,6,10,2024-06-15,2024-09-07,completed,55.3,CERT-637
638,638,5,6,10,2024-06-15,2024-09-07,completed,55.8,CERT-638
639,639,5,6,10,2024-06-15,2024-09-07,completed,89.1,CERT-639
640,640,5,6,10,2024-06-15,2024-09-07,completed,72.7,CERT-640
641,641,5,6,10,2024-06-15,2024-09-07,completed,84.8,CERT-641
642,642,5,6,10,2024-06-15,2024-09-07,completed,62.1,CERT-642
643,643,5,6,10,2024-06-15,2024-09-07,dropped_out,82.9,
644,644,5,6,10,2024-06-15,2024-09-07,completed,46.9,CERT-644
645,645,5,6,10,2024-06-15,2024-09-07,completed,51.0,CERT-645
646,646,5,6,10,2024-06-15,2024-09-07,completed,69.3,CERT-646
647,647,5,6,10,2024-06-15,2024-09-07,dropped_out,67.1,
648,648,5,6,10,2024-06-15,2024-09-07,completed,58.9,CERT-648
649,649,5,6,10,2024-06-15,2024-09-07,completed,94.4,CERT-649
650,650,5,6,10,2024-06-15,2024-09-07,completed,91.4,CERT-650
651,651,5,6,10,2024-06-15,2024-09-07,completed,55.0,CERT-651
652,652,5,6,10,2024-06-15,2024-09-07,completed,82.9,CERT-652
653,653,5,6,10,2024-06-15,2024-09-07,completed,64.8,CERT-653
654,654,5,6,10,2024-06-15,2024-09-07,completed,75.8,CERT-654
655,655,5,6,10,2024-06-15,2024-09-07,completed,75.4,CERT-655
656,656,5,6,10,2024-06-15,2024-09-07,completed,73.8,CERT-656
657,657,5,6,10,2024-06-15,2024-09-07,completed,92.3,CERT-657
658,658,5,6,10,2024-06-15,2024-09-07,completed,66.5,CERT-658
659,659,5,6,10,2024-06-15,2024-09-07,dropped_out,51.4,
660,660,5,6,10,2024-06-15,2024-09-07,completed,51.3,CERT-660
661,661,5,6,10,2024-06-15,2024-09-07,completed,61.1,CERT-661
662,662,5,6,10,2024-06-15,2024-09-07,completed,83.4,CERT-662
663,663,5,6,10,2024-06-15,2024-09-07,completed,97.2,CERT-663
664,664,5,6,10,2024-06-15,2024-09-07,completed,68.9,CERT-664
665,665,5,6,10,2024-06-15,2024-09-07,completed,96.3,CERT-665
666,666,5,6,10,2024-06-15,2024-09-07,completed,82.0,CERT-666
667,667,5,6,10,2024-06-15,2024-09-07,completed,70.3,CERT-667
668,668,5,6,10,2024-06-15,2024-09-07,completed,52.8,CERT-668
669,669,5,6,10,2024-06-15,2024-09-07,completed,52.7,CERT-669
670,670,5,6,10,2024-06-15,2024-09-07,completed,64.2,CERT-670
671,671,5,6,10,2024-06-15,2024-09-07,completed,74.8,CERT-671
672,672,5,6,10,2024-06-15,2024-09-07,completed,79.5,CERT-672
673,673,5,6,10,2024-06-15,2024-09-07,completed,65.5,CERT-673
674,674,5,6,10,2024-06-15,2024-09-07,completed,71.0,CERT-674
675,675,5,6,10,2024-06-15,2024-09-07,completed,74.3,CERT-675
676,676,5,6,10,2024-06-15,2024-09-07,dropped_out,88.0,
677,677,5,6,10,2024-06-15,2024-09-07,completed,67.3,CERT-677
678,678,5,6,10,2024-06-15,2024-09-07,completed,57.8,CERT-678
679,679,5,6,10,2024-06-15,2024-09-07,completed,45.2,CERT-679
680,680,5,6,10,2024-06-15,2024-09-07,completed,89.9,CERT-680
681,681,6,6,11,2024-12-29,2025-03-23,completed,61.7,CERT-681
682,682,6,6,11,2024-12-29,2025-03-23,completed,63.5,CERT-682
683,683,6,6,11,2024-12-29,2025-03-23,completed,59.8,CERT-683
684,684,6,6,11,2024-12-29,2025-03-23,completed,49.9,CERT-684
685,685,6,6,11,2024-12-29,2025-03-23,completed,72.2,CERT-685
686,686,6,6,11,2024-12-29,2025-03-23,completed,65.9,CERT-686
687,687,6,6,11,2024-12-29,2025-03-23,completed,66.9,CERT-687
688,688,6,6,11,2024-12-29,2025-03-23,completed,69.7,CERT-688
689,689,6,6,11,2024-12-29,2025-03-23,completed,93.9,CERT-689
690,690,6,6,11,2024-12-29,2025-03-23,dropped_out,72.0,
691,691,6,6,11,2024-12-29,2025-03-23,completed,87.3,CERT-691
692,692,6,6,11,2024-12-29,2025-03-23,completed,59.6,CERT-692
693,693,6,6,11,2024-12-29,2025-03-23,completed,53.8,CERT-693
694,694,6,6,11,2024-12-29,2025-03-23,completed,95.7,CERT-694
695,695,6,6,11,2024-12-29,2025-03-23,dropped_out,76.4,
696,696,6,6,11,2024-12-29,2025-03-23,completed,56.6,CERT-696
697,697,6,6,11,2024-12-29,2025-03-23,completed,66.2,CERT-697
698,698,6,6,11,2024-12-29,2025-03-23,completed,76.7,CERT-698
699,699,6,6,11,2024-12-29,2025-03-23,dropped_out,92.3,
700,700,6,6,11,2024-12-29,2025-03-23,completed,77.6,CERT-700
701,701,6,6,11,2024-12-29,2025-03-23,completed,60.4,CERT-701
702,702,6,6,11,2024-12-29,2025-03-23,completed,90.2,CERT-702
703,703,6,6,11,2024-12-29,2025-03-23,completed,53.2,CERT-703
704,704,6,6,11,2024-12-29,2025-03-23,completed,65.7,CERT-704
705,705,6,6,11,2024-12-29,2025-03-23,completed,62.7,CERT-705
706,706,6,6,11,2024-12-29,2025-03-23,completed,95.3,CERT-706
707,707,6,6,11,2024-12-29,2025-03-23,dropped_out,62.6,
708,708,6,6,11,2024-12-29,2025-03-23,completed,93.4,CERT-708
709,709,6,6,11,2024-12-29,2025-03-23,completed,79.6,CERT-709
710,710,6,6,11,2024-12-29,2025-03-23,completed,74.3,CERT-710
711,711,6,6,11,2024-12-29,2025-03-23,completed,79.8,CERT-711
712,712,6,6,11,2024-12-29,2025-03-23,dropped_out,85.8,
713,713,6,6,11,2024-12-29,2025-03-23,completed,71.5,CERT-713
714,714,6,6,11,2024-12-29,2025-03-23,completed,63.9,CERT-714
715,715,6,6,11,2024-12-29,2025-03-23,completed,94.0,CERT-715
716,716,6,6,11,2024-12-29,2025-03-23,completed,55.1,CERT-716
717,717,6,6,11,2024-12-29,2025-03-23,completed,69.3,CERT-717
718,718,6,6,11,2024-12-29,2025-03-23,completed,74.3,CERT-718
719,719,6,6,11,2024-12-29,2025-03-23,completed,84.1,CERT-719
720,720,6,6,11,2024-12-29,2025-03-23,completed,79.9,CERT-720
721,721,6,6,11,2024-12-29,2025-03-23,completed,75.2,CERT-721
722,722,6,6,11,2024-12-29,2025-03-23,completed,95.7,CERT-722
723,723,6,6,11,2024-12-29,2025-03-23,completed,83.7,CERT-723
724,724,6,6,11,2024-12-29,2025-03-23,completed,65.6,CERT-724
725,725,6,6,11,2024-12-29,2025-03-23,completed,60.2,CERT-725
726,726,6,6,11,2024-12-29,2025-03-23,completed,75.5,CERT-726
727,727,6,6,11,2024-12-29,2025-03-23,completed,52.7,CERT-727
728,728,6,6,11,2024-12-29,2025-03-23,completed,81.1,CERT-728
729,729,6,6,11,2024-12-29,2025-03-23,completed,50.9,CERT-729
730,730,6,6,11,2024-12-29,2025-03-23,completed,83.2,CERT-730
731,731,6,6,11,2024-12-29,2025-03-23,completed,81.6,CERT-731
732,732,6,6,11,2024-12-29,2025-03-23,completed,67.8,CERT-732
733,733,6,6,11,2024-12-29,2025-03-23,completed,50.0,CERT-733
734,734,6,6,11,2024-12-29,2025-03-23,dropped_out,81.5,
735,735,6,6,11,2024-12-29,2025-03-23,completed,70.9,CERT-735
736,736,6,6,11,2024-12-29,2025-03-23,completed,59.7,CERT-736
737,737,6,6,11,2024-12-29,2025-03-23,completed,52.1,CERT-737
738,738,6,6,11,2024-12-29,2025-03-23,completed,72.6,CERT-738
739,739,6,6,11,2024-12-29,2025-03-23,completed,57.2,CERT-739
740,740,6,6,11,2024-12-29,2025-03-23,completed,75.8,CERT-740
741,741,6,6,11,2024-12-29,2025-03-23,completed,57.7,CERT-741
742,742,6,6,11,2024-12-29,2025-03-23,completed,62.1,CERT-742
743,743,6,6,11,2024-12-29,2025-03-23,completed,97.4,CERT-743
744,744,6,6,11,2024-12-29,2025-03-23,completed,71.9,CERT-744
745,745,6,6,11,2024-12-29,2025-03-23,completed,64.9,CERT-745
746,746,6,6,11,2024-12-29,2025-03-23,completed,51.6,CERT-746
747,747,6,6,11,2024-12-29,2025-03-23,completed,53.4,CERT-747
748,748,6,6,11,2024-12-29,2025-03-23,completed,81.2,CERT-748
749,749,6,4,12,2024-09-30,2024-12-23,completed,89.1,CERT-749
750,750,6,4,12,2024-09-30,2024-12-23,completed,55.5,CERT-750
751,751,6,4,12,2024-09-30,2024-12-23,completed,56.1,CERT-751
752,752,6,4,12,2024-09-30,2024-12-23,completed,76.6,CERT-752
753,753,6,4,12,2024-09-30,2024-12-23,completed,63.3,CERT-753
754,754,6,4,12,2024-09-30,2024-12-23,completed,60.5,CERT-754
755,755,6,4,12,2024-09-30,2024-12-23,completed,47.3,CERT-755
756,756,6,4,12,2024-09-30,2024-12-23,completed,66.1,CERT-756
757,757,6,4,12,2024-09-30,2024-12-23,dropped_out,94.8,
758,758,6,4,12,2024-09-30,2024-12-23,completed,63.0,CERT-758
759,759,6,4,12,2024-09-30,2024-12-23,completed,80.4,CERT-759
760,760,6,4,12,2024-09-30,2024-12-23,completed,94.6,CERT-760
761,761,6,4,12,2024-09-30,2024-12-23,completed,75.4,CERT-761
762,762,6,4,12,2024-09-30,2024-12-23,completed,87.8,CERT-762
763,763,6,4,12,2024-09-30,2024-12-23,completed,56.7,CERT-763
764,764,6,4,12,2024-09-30,2024-12-23,completed,74.7,CERT-764
765,765,6,4,12,2024-09-30,2024-12-23,completed,59.1,CERT-765
766,766,6,4,12,2024-09-30,2024-12-23,completed,56.5,CERT-766
767,767,6,4,12,2024-09-30,2024-12-23,dropped_out,90.2,
768,768,6,4,12,2024-09-30,2024-12-23,completed,51.2,CERT-768
769,769,6,4,12,2024-09-30,2024-12-23,completed,62.7,CERT-769
770,770,6,4,12,2024-09-30,2024-12-23,completed,59.8,CERT-770
771,771,6,4,12,2024-09-30,2024-12-23,completed,63.3,CERT-771
772,772,6,4,12,2024-09-30,2024-12-23,completed,57.3,CERT-772
773,773,6,4,12,2024-09-30,2024-12-23,completed,93.5,CERT-773
774,774,6,4,12,2024-09-30,2024-12-23,completed,76.4,CERT-774
775,775,6,4,12,2024-09-30,2024-12-23,completed,60.6,CERT-775
776,776,6,4,12,2024-09-30,2024-12-23,completed,55.2,CERT-776
777,777,6,4,12,2024-09-30,2024-12-23,completed,68.8,CERT-777
778,778,6,4,12,2024-09-30,2024-12-23,completed,94.1,CERT-778
779,779,6,4,12,2024-09-30,2024-12-23,completed,66.5,CERT-779
780,780,6,4,12,2024-09-30,2024-12-23,completed,73.7,CERT-780
781,781,6,4,12,2024-09-30,2024-12-23,completed,77.1,CERT-781
782,782,6,4,12,2024-09-30,2024-12-23,completed,68.9,CERT-782
783,783,6,4,12,2024-09-30,2024-12-23,completed,75.5,CERT-783
784,784,6,4,12,2024-09-30,2024-12-23,completed,80.2,CERT-784
785,785,6,4,12,2024-09-30,2024-12-23,completed,75.2,CERT-785
786,786,6,4,12,2024-09-30,2024-12-23,completed,53.7,CERT-786
787,787,6,4,12,2024-09-30,2024-12-23,completed,46.4,CERT-787
788,788,6,4,12,2024-09-30,2024-12-23,completed,85.1,CERT-788
789,789,6,4,12,2024-09-30,2024-12-23,completed,78.0,CERT-789
790,790,6,4,12,2024-09-30,2024-12-23,completed,53.7,CERT-790
791,791,6,4,12,2024-09-30,2024-12-23,completed,61.8,CERT-791
792,792,6,4,12,2024-09-30,2024-12-23,completed,92.2,CERT-792
793,793,6,4,12,2024-09-30,2024-12-23,completed,75.9,CERT-793
794,794,6,4,12,2024-09-30,2024-12-23,completed,88.1,CERT-794
795,795,6,4,12,2024-09-30,2024-12-23,dropped_out,55.8,
796,796,6,4,12,2024-09-30,2024-12-23,completed,60.0,CERT-796
797,797,6,4,12,2024-09-30,2024-12-23,completed,87.7,CERT-797
798,798,6,4,12,2024-09-30,2024-12-23,completed,49.6,CERT-798
799,799,6,4,12,2024-09-30,2024-12-23,completed,95.9,CERT-799
800,800,6,4,12,2024-09-30,2024-12-23,completed,83.6,CERT-800
801,801,6,4,12,2024-09-30,2024-12-23,completed,75.6,CERT-801
802,802,6,4,12,2024-09-30,2024-12-23,completed,79.2,CERT-802
803,803,6,4,12,2024-09-30,2024-12-23,completed,46.0,CERT-803
804,804,6,4,12,2024-09-30,2024-12-23,completed,56.4,CERT-804
805,805,6,4,12,2024-09-30,2024-12-23,completed,46.5,CERT-805
806,806,6,4,12,2024-09-30,2024-12-23,completed,54.2,CERT-806
807,807,6,4,12,2024-09-30,2024-12-23,completed,71.8,CERT-807
808,808,6,4,12,2024-09-30,2024-12-23,completed,90.3,CERT-808
809,809,6,4,12,2024-09-30,2024-12-23,completed,75.6,CERT-809
810,810,6,4,12,2024-09-30,2024-12-23,completed,47.6,CERT-810
811,811,6,4,12,2024-09-30,2024-12-23,completed,83.3,CERT-811
812,812,6,4,12,2024-09-30,2024-12-23,dropped_out,75.3,
813,813,6,4,12,2024-09-30,2024-12-23,completed,80.0,CERT-813
814,814,6,4,12,2024-09-30,2024-12-23,completed,45.9,CERT-814
815,815,6,4,12,2024-09-30,2024-12-23,completed,48.5,CERT-815
816,816,6,4,12,2024-09-30,2024-12-23,completed,86.1,CERT-816
817,817,7,2,13,2024-06-24,2024-09-16,completed,53.6,CERT-817
818,818,7,2,13,2024-06-24,2024-09-16,dropped_out,48.1,
819,819,7,2,13,2024-06-24,2024-09-16,completed,85.7,CERT-819
820,820,7,2,13,2024-06-24,2024-09-16,completed,87.7,CERT-820
821,821,7,2,13,2024-06-24,2024-09-16,completed,95.0,CERT-821
822,822,7,2,13,2024-06-24,2024-09-16,completed,69.5,CERT-822
823,823,7,2,13,2024-06-24,2024-09-16,completed,87.6,CERT-823
824,824,7,2,13,2024-06-24,2024-09-16,completed,68.2,CERT-824
825,825,7,2,13,2024-06-24,2024-09-16,completed,51.6,CERT-825
826,826,7,2,13,2024-06-24,2024-09-16,completed,65.9,CERT-826
827,827,7,2,13,2024-06-24,2024-09-16,completed,81.3,CERT-827
828,828,7,2,13,2024-06-24,2024-09-16,completed,95.6,CERT-828
829,829,7,2,13,2024-06-24,2024-09-16,dropped_out,69.8,
830,830,7,2,13,2024-06-24,2024-09-16,completed,66.8,CERT-830
831,831,7,2,13,2024-06-24,2024-09-16,completed,81.3,CERT-831
832,832,7,2,13,2024-06-24,2024-09-16,completed,92.6,CERT-832
833,833,7,2,13,2024-06-24,2024-09-16,completed,68.3,CERT-833
834,834,7,2,13,2024-06-24,2024-09-16,completed,72.1,CERT-834
835,835,7,2,13,2024-06-24,2024-09-16,completed,67.6,CERT-835
836,836,7,2,13,2024-06-24,2024-09-16,completed,58.2,CERT-836
837,837,7,2,13,2024-06-24,2024-09-16,completed,71.6,CERT-837
838,838,7,2,13,2024-06-24,2024-09-16,completed,97.3,CERT-838
839,839,7,2,13,2024-06-24,2024-09-16,completed,47.3,CERT-839
840,840,7,2,13,2024-06-24,2024-09-16,completed,51.7,CERT-840
841,841,7,2,13,2024-06-24,2024-09-16,completed,78.2,CERT-841
842,842,7,2,13,2024-06-24,2024-09-16,completed,75.8,CERT-842
843,843,7,2,13,2024-06-24,2024-09-16,completed,90.9,CERT-843
844,844,7,2,13,2024-06-24,2024-09-16,completed,61.7,CERT-844
845,845,7,2,13,2024-06-24,2024-09-16,completed,66.8,CERT-845
846,846,7,2,13,2024-06-24,2024-09-16,completed,90.3,CERT-846
847,847,7,2,13,2024-06-24,2024-09-16,completed,96.1,CERT-847
848,848,7,2,13,2024-06-24,2024-09-16,completed,61.7,CERT-848
849,849,7,2,13,2024-06-24,2024-09-16,completed,97.6,CERT-849
850,850,7,2,13,2024-06-24,2024-09-16,completed,57.1,CERT-850
851,851,7,2,13,2024-06-24,2024-09-16,completed,73.2,CERT-851
852,852,7,2,13,2024-06-24,2024-09-16,completed,60.1,CERT-852
853,853,7,2,13,2024-06-24,2024-09-16,completed,81.0,CERT-853
854,854,7,2,13,2024-06-24,2024-09-16,completed,92.4,CERT-854
855,855,7,2,13,2024-06-24,2024-09-16,completed,70.2,CERT-855
856,856,7,2,13,2024-06-24,2024-09-16,completed,76.6,CERT-856
857,857,7,2,13,2024-06-24,2024-09-16,dropped_out,49.7,
858,858,7,2,13,2024-06-24,2024-09-16,completed,54.3,CERT-858
859,859,7,2,13,2024-06-24,2024-09-16,completed,74.5,CERT-859
860,860,7,2,13,2024-06-24,2024-09-16,completed,49.9,CERT-860
861,861,7,2,13,2024-06-24,2024-09-16,completed,84.8,CERT-861
862,862,7,2,13,2024-06-24,2024-09-16,completed,49.0,CERT-862
863,863,7,2,13,2024-06-24,2024-09-16,completed,50.3,CERT-863
864,864,7,2,13,2024-06-24,2024-09-16,dropped_out,77.6,
865,865,7,2,13,2024-06-24,2024-09-16,completed,55.7,CERT-865
866,866,7,2,13,2024-06-24,2024-09-16,completed,46.2,CERT-866
867,867,7,2,13,2024-06-24,2024-09-16,completed,72.1,CERT-867
868,868,7,2,13,2024-06-24,2024-09-16,completed,52.3,CERT-868
869,869,7,2,13,2024-06-24,2024-09-16,completed,74.3,CERT-869
870,870,7,2,13,2024-06-24,2024-09-16,dropped_out,75.6,
871,871,7,2,13,2024-06-24,2024-09-16,completed,46.0,CERT-871
872,872,7,2,13,2024-06-24,2024-09-16,completed,95.4,CERT-872
873,873,7,2,13,2024-06-24,2024-09-16,dropped_out,48.5,
874,874,7,2,13,2024-06-24,2024-09-16,completed,75.4,CERT-874
875,875,7,2,13,2024-06-24,2024-09-16,completed,67.7,CERT-875
876,876,7,2,13,2024-06-24,2024-09-16,completed,52.2,CERT-876
877,877,7,2,13,2024-06-24,2024-09-16,completed,66.9,CERT-877
878,878,7,2,13,2024-06-24,2024-09-16,completed,88.0,CERT-878
879,879,7,2,13,2024-06-24,2024-09-16,dropped_out,67.8,
880,880,7,2,13,2024-06-24,2024-09-16,completed,94.3,CERT-880
881,881,7,2,13,2024-06-24,2024-09-16,completed,64.3,CERT-881
882,882,7,2,13,2024-06-24,2024-09-16,completed,81.4,CERT-882
883,883,7,2,13,2024-06-24,2024-09-16,completed,92.7,CERT-883
884,884,7,2,13,2024-06-24,2024-09-16,completed,69.6,CERT-884
885,885,7,9,14,2024-09-07,2024-11-30,completed,94.7,CERT-885
886,886,7,9,14,2024-09-07,2024-11-30,completed,78.2,CERT-886
887,887,7,9,14,2024-09-07,2024-11-30,completed,84.8,CERT-887
888,888,7,9,14,2024-09-07,2024-11-30,completed,46.8,CERT-888
889,889,7,9,14,2024-09-07,2024-11-30,completed,82.0,CERT-889
890,890,7,9,14,2024-09-07,2024-11-30,completed,85.2,CERT-890
891,891,7,9,14,2024-09-07,2024-11-30,completed,48.9,CERT-891
892,892,7,9,14,2024-09-07,2024-11-30,dropped_out,85.5,
893,893,7,9,14,2024-09-07,2024-11-30,completed,53.0,CERT-893
894,894,7,9,14,2024-09-07,2024-11-30,completed,45.3,CERT-894
895,895,7,9,14,2024-09-07,2024-11-30,completed,75.0,CERT-895
896,896,7,9,14,2024-09-07,2024-11-30,completed,57.0,CERT-896
897,897,7,9,14,2024-09-07,2024-11-30,completed,87.1,CERT-897
898,898,7,9,14,2024-09-07,2024-11-30,completed,81.4,CERT-898
899,899,7,9,14,2024-09-07,2024-11-30,dropped_out,96.9,
900,900,7,9,14,2024-09-07,2024-11-30,completed,87.6,CERT-900
901,901,7,9,14,2024-09-07,2024-11-30,dropped_out,49.7,
902,902,7,9,14,2024-09-07,2024-11-30,completed,94.0,CERT-902
903,903,7,9,14,2024-09-07,2024-11-30,completed,80.7,CERT-903
904,904,7,9,14,2024-09-07,2024-11-30,completed,59.7,CERT-904
905,905,7,9,14,2024-09-07,2024-11-30,completed,90.1,CERT-905
906,906,7,9,14,2024-09-07,2024-11-30,completed,66.1,CERT-906
907,907,7,9,14,2024-09-07,2024-11-30,completed,46.5,CERT-907
908,908,7,9,14,2024-09-07,2024-11-30,completed,82.1,CERT-908
909,909,7,9,14,2024-09-07,2024-11-30,dropped_out,75.8,
910,910,7,9,14,2024-09-07,2024-11-30,completed,67.9,CERT-910
911,911,7,9,14,2024-09-07,2024-11-30,completed,63.2,CERT-911
912,912,7,9,14,2024-09-07,2024-11-30,completed,76.5,CERT-912
913,913,7,9,14,2024-09-07,2024-11-30,completed,93.1,CERT-913
914,914,7,9,14,2024-09-07,2024-11-30,completed,63.0,CERT-914
915,915,7,9,14,2024-09-07,2024-11-30,completed,74.9,CERT-915
916,916,7,9,14,2024-09-07,2024-11-30,completed,51.7,CERT-916
917,917,7,9,14,2024-09-07,2024-11-30,completed,76.2,CERT-917
918,918,7,9,14,2024-09-07,2024-11-30,dropped_out,79.2,
919,919,7,9,14,2024-09-07,2024-11-30,completed,52.5,CERT-919
920,920,7,9,14,2024-09-07,2024-11-30,completed,91.4,CERT-920
921,921,7,9,14,2024-09-07,2024-11-30,completed,66.2,CERT-921
922,922,7,9,14,2024-09-07,2024-11-30,completed,80.1,CERT-922
923,923,7,9,14,2024-09-07,2024-11-30,completed,56.5,CERT-923
924,924,7,9,14,2024-09-07,2024-11-30,completed,52.9,CERT-924
925,925,7,9,14,2024-09-07,2024-11-30,completed,65.6,CERT-925
926,926,7,9,14,2024-09-07,2024-11-30,completed,85.4,CERT-926
927,927,7,9,14,2024-09-07,2024-11-30,completed,95.8,CERT-927
928,928,7,9,14,2024-09-07,2024-11-30,dropped_out,80.5,
929,929,7,9,14,2024-09-07,2024-11-30,completed,62.2,CERT-929
930,930,7,9,14,2024-09-07,2024-11-30,completed,59.2,CERT-930
931,931,7,9,14,2024-09-07,2024-11-30,completed,83.6,CERT-931
932,932,7,9,14,2024-09-07,2024-11-30,completed,80.8,CERT-932
933,933,7,9,14,2024-09-07,2024-11-30,completed,47.4,CERT-933
934,934,7,9,14,2024-09-07,2024-11-30,completed,80.3,CERT-934
935,935,7,9,14,2024-09-07,2024-11-30,completed,74.9,CERT-935
936,936,7,9,14,2024-09-07,2024-11-30,completed,81.9,CERT-936
937,937,7,9,14,2024-09-07,2024-11-30,completed,63.5,CERT-937
938,938,7,9,14,2024-09-07,2024-11-30,completed,75.5,CERT-938
939,939,7,9,14,2024-09-07,2024-11-30,completed,51.1,CERT-939
940,940,7,9,14,2024-09-07,2024-11-30,completed,65.2,CERT-940
941,941,7,9,14,2024-09-07,2024-11-30,completed,77.3,CERT-941
942,942,7,9,14,2024-09-07,2024-11-30,completed,62.3,CERT-942
943,943,7,9,14,2024-09-07,2024-11-30,completed,73.6,CERT-943
944,944,7,9,14,2024-09-07,2024-11-30,completed,55.0,CERT-944
945,945,7,9,14,2024-09-07,2024-11-30,dropped_out,62.5,
946,946,7,9,14,2024-09-07,2024-11-30,completed,57.2,CERT-946
947,947,7,9,14,2024-09-07,2024-11-30,completed,54.0,CERT-947
948,948,7,9,14,2024-09-07,2024-11-30,completed,70.2,CERT-948
949,949,7,9,14,2024-09-07,2024-11-30,completed,47.7,CERT-949
950,950,7,9,14,2024-09-07,2024-11-30,completed,85.8,CERT-950
951,951,7,9,14,2024-09-07,2024-11-30,completed,94.4,CERT-951
952,952,7,9,14,2024-09-07,2024-11-30,completed,58.8,CERT-952
953,953,8,3,15,2025-04-18,2025-07-11,completed,88.3,CERT-953
954,954,8,3,15,2025-04-18,2025-07-11,completed,92.9,CERT-954
955,955,8,3,15,2025-04-18,2025-07-11,completed,77.0,CERT-955
956,956,8,3,15,2025-04-18,2025-07-11,dropped_out,65.0,
957,957,8,3,15,2025-04-18,2025-07-11,completed,74.2,CERT-957
958,958,8,3,15,2025-04-18,2025-07-11,completed,91.1,CERT-958
959,959,8,3,15,2025-04-18,2025-07-11,completed,61.6,CERT-959
960,960,8,3,15,2025-04-18,2025-07-11,completed,58.4,CERT-960
961,961,8,3,15,2025-04-18,2025-07-11,completed,84.5,CERT-961
962,962,8,3,15,2025-04-18,2025-07-11,completed,55.2,CERT-962
963,963,8,3,15,2025-04-18,2025-07-11,completed,69.2,CERT-963
964,964,8,3,15,2025-04-18,2025-07-11,completed,58.1,CERT-964
965,965,8,3,15,2025-04-18,2025-07-11,completed,71.8,CERT-965
966,966,8,3,15,2025-04-18,2025-07-11,completed,88.1,CERT-966
967,967,8,3,15,2025-04-18,2025-07-11,completed,85.5,CERT-967
968,968,8,3,15,2025-04-18,2025-07-11,completed,77.7,CERT-968
969,969,8,3,15,2025-04-18,2025-07-11,completed,80.6,CERT-969
970,970,8,3,15,2025-04-18,2025-07-11,completed,78.3,CERT-970
971,971,8,3,15,2025-04-18,2025-07-11,completed,69.5,CERT-971
972,972,8,3,15,2025-04-18,2025-07-11,completed,51.3,CERT-972
973,973,8,3,15,2025-04-18,2025-07-11,completed,60.4,CERT-973
974,974,8,3,15,2025-04-18,2025-07-11,completed,50.5,CERT-974
975,975,8,3,15,2025-04-18,2025-07-11,completed,85.3,CERT-975
976,976,8,3,15,2025-04-18,2025-07-11,completed,91.5,CERT-976
977,977,8,3,15,2025-04-18,2025-07-11,dropped_out,59.4,
978,978,8,3,15,2025-04-18,2025-07-11,completed,94.7,CERT-978
979,979,8,3,15,2025-04-18,2025-07-11,completed,56.4,CERT-979
980,980,8,3,15,2025-04-18,2025-07-11,completed,92.7,CERT-980
981,981,8,3,15,2025-04-18,2025-07-11,completed,88.9,CERT-981
982,982,8,3,15,2025-04-18,2025-07-11,completed,94.3,CERT-982
983,983,8,3,15,2025-04-18,2025-07-11,completed,51.1,CERT-983
984,984,8,3,15,2025-04-18,2025-07-11,completed,82.2,CERT-984
985,985,8,3,15,2025-04-18,2025-07-11,dropped_out,57.3,
986,986,8,3,15,2025-04-18,2025-07-11,completed,73.1,CERT-986
987,987,8,3,15,2025-04-18,2025-07-11,completed,61.2,CERT-987
988,988,8,3,15,2025-04-18,2025-07-11,completed,52.2,CERT-988
989,989,8,3,15,2025-04-18,2025-07-11,dropped_out,76.1,
990,990,8,3,15,2025-04-18,2025-07-11,completed,73.2,CERT-990
991,991,8,3,15,2025-04-18,2025-07-11,completed,81.2,CERT-991
992,992,8,3,15,2025-04-18,2025-07-11,completed,51.7,CERT-992
993,993,8,3,15,2025-04-18,2025-07-11,completed,58.9,CERT-993
994,994,8,3,15,2025-04-18,2025-07-11,completed,75.6,CERT-994
995,995,8,3,15,2025-04-18,2025-07-11,completed,92.0,CERT-995
996,996,8,3,15,2025-04-18,2025-07-11,completed,46.1,CERT-996
997,997,8,3,15,2025-04-18,2025-07-11,completed,73.2,CERT-997
998,998,8,3,15,2025-04-18,2025-07-11,completed,57.9,CERT-998
999,999,8,3,15,2025-04-18,2025-07-11,completed,63.5,CERT-999
1000,1000,8,3,15,2025-04-18,2025-07-11,completed,48.2,CERT-1000
1001,1001,8,3,15,2025-04-18,2025-07-11,completed,89.4,CERT-1001
1002,1002,8,3,15,2025-04-18,2025-07-11,completed,67.4,CERT-1002
1003,1003,8,3,15,2025-04-18,2025-07-11,completed,49.4,CERT-1003
1004,1004,8,3,15,2025-04-18,2025-07-11,completed,81.9,CERT-1004
1005,1005,8,3,15,2025-04-18,2025-07-11,completed,59.1,CERT-1005
1006,1006,8,3,15,2025-04-18,2025-07-11,completed,96.9,CERT-1006
1007,1007,8,3,15,2025-04-18,2025-07-11,completed,73.4,CERT-1007
1008,1008,8,3,15,2025-04-18,2025-07-11,completed,63.6,CERT-1008
1009,1009,8,3,15,2025-04-18,2025-07-11,completed,71.0,CERT-1009
1010,1010,8,3,15,2025-04-18,2025-07-11,completed,84.6,CERT-1010
1011,1011,8,3,15,2025-04-18,2025-07-11,completed,68.8,CERT-1011
1012,1012,8,3,15,2025-04-18,2025-07-11,completed,63.5,CERT-1012
1013,1013,8,3,15,2025-04-18,2025-07-11,completed,63.9,CERT-1013
1014,1014,8,3,15,2025-04-18,2025-07-11,completed,84.0,CERT-1014
1015,1015,8,3,15,2025-04-18,2025-07-11,completed,65.2,CERT-1015
1016,1016,8,3,15,2025-04-18,2025-07-11,completed,75.9,CERT-1016
1017,1017,8,3,15,2025-04-18,2025-07-11,completed,50.0,CERT-1017
1018,1018,8,3,15,2025-04-18,2025-07-11,completed,58.0,CERT-1018
1019,1019,8,3,15,2025-04-18,2025-07-11,completed,70.1,CERT-1019
1020,1020,8,3,15,2025-04-18,2025-07-11,completed,47.0,CERT-1020
1021,1021,8,7,16,2024-10-03,2024-12-26,completed,59.3,CERT-1021
1022,1022,8,7,16,2024-10-03,2024-12-26,completed,86.6,CERT-1022
1023,1023,8,7,16,2024-10-03,2024-12-26,completed,95.4,CERT-1023
1024,1024,8,7,16,2024-10-03,2024-12-26,completed,84.4,CERT-1024
1025,1025,8,7,16,2024-10-03,2024-12-26,dropped_out,72.6,
1026,1026,8,7,16,2024-10-03,2024-12-26,completed,87.3,CERT-1026
1027,1027,8,7,16,2024-10-03,2024-12-26,completed,65.6,CERT-1027
1028,1028,8,7,16,2024-10-03,2024-12-26,completed,96.0,CERT-1028
1029,1029,8,7,16,2024-10-03,2024-12-26,completed,79.1,CERT-1029
1030,1030,8,7,16,2024-10-03,2024-12-26,completed,62.2,CERT-1030
1031,1031,8,7,16,2024-10-03,2024-12-26,completed,78.3,CERT-1031
1032,1032,8,7,16,2024-10-03,2024-12-26,completed,46.7,CERT-1032
1033,1033,8,7,16,2024-10-03,2024-12-26,dropped_out,84.0,
1034,1034,8,7,16,2024-10-03,2024-12-26,completed,83.4,CERT-1034
1035,1035,8,7,16,2024-10-03,2024-12-26,completed,90.2,CERT-1035
1036,1036,8,7,16,2024-10-03,2024-12-26,completed,80.4,CERT-1036
1037,1037,8,7,16,2024-10-03,2024-12-26,completed,60.6,CERT-1037
1038,1038,8,7,16,2024-10-03,2024-12-26,completed,67.9,CERT-1038
1039,1039,8,7,16,2024-10-03,2024-12-26,completed,56.9,CERT-1039
1040,1040,8,7,16,2024-10-03,2024-12-26,completed,59.7,CERT-1040
1041,1041,8,7,16,2024-10-03,2024-12-26,completed,50.2,CERT-1041
1042,1042,8,7,16,2024-10-03,2024-12-26,completed,79.0,CERT-1042
1043,1043,8,7,16,2024-10-03,2024-12-26,completed,76.3,CERT-1043
1044,1044,8,7,16,2024-10-03,2024-12-26,completed,78.3,CERT-1044
1045,1045,8,7,16,2024-10-03,2024-12-26,completed,46.5,CERT-1045
1046,1046,8,7,16,2024-10-03,2024-12-26,completed,80.9,CERT-1046
1047,1047,8,7,16,2024-10-03,2024-12-26,completed,73.4,CERT-1047
1048,1048,8,7,16,2024-10-03,2024-12-26,completed,96.1,CERT-1048
1049,1049,8,7,16,2024-10-03,2024-12-26,completed,89.5,CERT-1049
1050,1050,8,7,16,2024-10-03,2024-12-26,completed,56.5,CERT-1050
1051,1051,8,7,16,2024-10-03,2024-12-26,completed,87.9,CERT-1051
1052,1052,8,7,16,2024-10-03,2024-12-26,completed,48.8,CERT-1052
1053,1053,8,7,16,2024-10-03,2024-12-26,completed,74.2,CERT-1053
1054,1054,8,7,16,2024-10-03,2024-12-26,completed,89.7,CERT-1054
1055,1055,8,7,16,2024-10-03,2024-12-26,completed,92.1,CERT-1055
1056,1056,8,7,16,2024-10-03,2024-12-26,completed,52.6,CERT-1056
1057,1057,8,7,16,2024-10-03,2024-12-26,completed,81.7,CERT-1057
1058,1058,8,7,16,2024-10-03,2024-12-26,completed,84.3,CERT-1058
1059,1059,8,7,16,2024-10-03,2024-12-26,completed,81.1,CERT-1059
1060,1060,8,7,16,2024-10-03,2024-12-26,completed,63.0,CERT-1060
1061,1061,8,7,16,2024-10-03,2024-12-26,completed,50.7,CERT-1061
1062,1062,8,7,16,2024-10-03,2024-12-26,completed,92.2,CERT-1062
1063,1063,8,7,16,2024-10-03,2024-12-26,completed,56.9,CERT-1063
1064,1064,8,7,16,2024-10-03,2024-12-26,completed,56.6,CERT-1064
1065,1065,8,7,16,2024-10-03,2024-12-26,completed,75.3,CERT-1065
1066,1066,8,7,16,2024-10-03,2024-12-26,dropped_out,89.0,
1067,1067,8,7,16,2024-10-03,2024-12-26,completed,69.0,CERT-1067
1068,1068,8,7,16,2024-10-03,2024-12-26,completed,85.9,CERT-1068
1069,1069,8,7,16,2024-10-03,2024-12-26,completed,73.7,CERT-1069
1070,1070,8,7,16,2024-10-03,2024-12-26,completed,54.2,CERT-1070
1071,1071,8,7,16,2024-10-03,2024-12-26,completed,87.7,CERT-1071
1072,1072,8,7,16,2024-10-03,2024-12-26,completed,65.9,CERT-1072
1073,1073,8,7,16,2024-10-03,2024-12-26,completed,96.2,CERT-1073
1074,1074,8,7,16,2024-10-03,2024-12-26,completed,64.7,CERT-1074
1075,1075,8,7,16,2024-10-03,2024-12-26,completed,90.2,CERT-1075
1076,1076,8,7,16,2024-10-03,2024-12-26,completed,67.6,CERT-1076
1077,1077,8,7,16,2024-10-03,2024-12-26,completed,47.6,CERT-1077
1078,1078,8,7,16,2024-10-03,2024-12-26,completed,77.1,CERT-1078
1079,1079,8,7,16,2024-10-03,2024-12-26,completed,78.6,CERT-1079
1080,1080,8,7,16,2024-10-03,2024-12-26,completed,64.0,CERT-1080
1081,1081,8,7,16,2024-10-03,2024-12-26,completed,59.6,CERT-1081
1082,1082,8,7,16,2024-10-03,2024-12-26,completed,73.7,CERT-1082
1083,1083,8,7,16,2024-10-03,2024-12-26,completed,46.0,CERT-1083
1084,1084,8,7,16,2024-10-03,2024-12-26,completed,85.3,CERT-1084
1085,1085,8,7,16,2024-10-03,2024-12-26,completed,49.6,CERT-1085
1086,1086,8,7,16,2024-10-03,2024-12-26,completed,89.1,CERT-1086
1087,1087,8,7,16,2024-10-03,2024-12-26,completed,73.6,CERT-1087
1088,1088,8,7,16,2024-10-03,2024-12-26,completed,82.8,CERT-1088
1089,1089,9,9,17,2024-08-12,2024-11-04,completed,59.6,CERT-1089
1090,1090,9,9,17,2024-08-12,2024-11-04,completed,92.4,CERT-1090
1091,1091,9,9,17,2024-08-12,2024-11-04,completed,47.2,CERT-1091
1092,1092,9,9,17,2024-08-12,2024-11-04,completed,65.1,CERT-1092
1093,1093,9,9,17,2024-08-12,2024-11-04,completed,72.3,CERT-1093
1094,1094,9,9,17,2024-08-12,2024-11-04,completed,91.3,CERT-1094
1095,1095,9,9,17,2024-08-12,2024-11-04,completed,57.4,CERT-1095
1096,1096,9,9,17,2024-08-12,2024-11-04,completed,67.6,CERT-1096
1097,1097,9,9,17,2024-08-12,2024-11-04,completed,60.7,CERT-1097
1098,1098,9,9,17,2024-08-12,2024-11-04,completed,94.0,CERT-1098
1099,1099,9,9,17,2024-08-12,2024-11-04,dropped_out,70.6,
1100,1100,9,9,17,2024-08-12,2024-11-04,completed,86.9,CERT-1100
1101,1101,9,9,17,2024-08-12,2024-11-04,completed,92.1,CERT-1101
1102,1102,9,9,17,2024-08-12,2024-11-04,completed,61.7,CERT-1102
1103,1103,9,9,17,2024-08-12,2024-11-04,completed,51.3,CERT-1103
1104,1104,9,9,17,2024-08-12,2024-11-04,completed,95.0,CERT-1104
1105,1105,9,9,17,2024-08-12,2024-11-04,completed,74.8,CERT-1105
1106,1106,9,9,17,2024-08-12,2024-11-04,completed,61.0,CERT-1106
1107,1107,9,9,17,2024-08-12,2024-11-04,completed,77.4,CERT-1107
1108,1108,9,9,17,2024-08-12,2024-11-04,completed,71.6,CERT-1108
1109,1109,9,9,17,2024-08-12,2024-11-04,completed,63.2,CERT-1109
1110,1110,9,9,17,2024-08-12,2024-11-04,completed,75.8,CERT-1110
1111,1111,9,9,17,2024-08-12,2024-11-04,completed,68.8,CERT-1111
1112,1112,9,9,17,2024-08-12,2024-11-04,completed,85.8,CERT-1112
1113,1113,9,9,17,2024-08-12,2024-11-04,completed,72.4,CERT-1113
1114,1114,9,9,17,2024-08-12,2024-11-04,completed,49.7,CERT-1114
1115,1115,9,9,17,2024-08-12,2024-11-04,completed,87.6,CERT-1115
1116,1116,9,9,17,2024-08-12,2024-11-04,completed,76.5,CERT-1116
1117,1117,9,9,17,2024-08-12,2024-11-04,completed,49.3,CERT-1117
1118,1118,9,9,17,2024-08-12,2024-11-04,completed,60.6,CERT-1118
1119,1119,9,9,17,2024-08-12,2024-11-04,completed,58.2,CERT-1119
1120,1120,9,9,17,2024-08-12,2024-11-04,completed,54.9,CERT-1120
1121,1121,9,9,17,2024-08-12,2024-11-04,completed,68.9,CERT-1121
1122,1122,9,9,17,2024-08-12,2024-11-04,completed,79.9,CERT-1122
1123,1123,9,9,17,2024-08-12,2024-11-04,completed,65.3,CERT-1123
1124,1124,9,9,17,2024-08-12,2024-11-04,completed,94.7,CERT-1124
1125,1125,9,9,17,2024-08-12,2024-11-04,completed,52.0,CERT-1125
1126,1126,9,9,17,2024-08-12,2024-11-04,completed,96.1,CERT-1126
1127,1127,9,9,17,2024-08-12,2024-11-04,dropped_out,71.3,
1128,1128,9,9,17,2024-08-12,2024-11-04,dropped_out,97.5,
1129,1129,9,9,17,2024-08-12,2024-11-04,completed,75.5,CERT-1129
1130,1130,9,9,17,2024-08-12,2024-11-04,completed,72.3,CERT-1130
1131,1131,9,9,17,2024-08-12,2024-11-04,completed,78.4,CERT-1131
1132,1132,9,9,17,2024-08-12,2024-11-04,completed,53.8,CERT-1132
1133,1133,9,9,17,2024-08-12,2024-11-04,completed,88.5,CERT-1133
1134,1134,9,9,17,2024-08-12,2024-11-04,completed,65.9,CERT-1134
1135,1135,9,9,17,2024-08-12,2024-11-04,completed,92.8,CERT-1135
1136,1136,9,9,17,2024-08-12,2024-11-04,completed,47.3,CERT-1136
1137,1137,9,9,17,2024-08-12,2024-11-04,completed,50.9,CERT-1137
1138,1138,9,9,17,2024-08-12,2024-11-04,completed,76.8,CERT-1138
1139,1139,9,9,17,2024-08-12,2024-11-04,completed,75.6,CERT-1139
1140,1140,9,9,17,2024-08-12,2024-11-04,completed,72.4,CERT-1140
1141,1141,9,9,17,2024-08-12,2024-11-04,completed,57.6,CERT-1141
1142,1142,9,9,17,2024-08-12,2024-11-04,completed,58.7,CERT-1142
1143,1143,9,9,17,2024-08-12,2024-11-04,completed,71.1,CERT-1143
1144,1144,9,9,17,2024-08-12,2024-11-04,completed,63.7,CERT-1144
1145,1145,9,9,17,2024-08-12,2024-11-04,completed,81.1,CERT-1145
1146,1146,9,9,17,2024-08-12,2024-11-04,dropped_out,64.9,
1147,1147,9,9,17,2024-08-12,2024-11-04,completed,62.0,CERT-1147
1148,1148,9,9,17,2024-08-12,2024-11-04,completed,94.5,CERT-1148
1149,1149,9,9,17,2024-08-12,2024-11-04,completed,87.5,CERT-1149
1150,1150,9,9,17,2024-08-12,2024-11-04,completed,94.5,CERT-1150
1151,1151,9,9,17,2024-08-12,2024-11-04,completed,93.7,CERT-1151
1152,1152,9,9,17,2024-08-12,2024-11-04,dropped_out,57.6,
1153,1153,9,9,17,2024-08-12,2024-11-04,completed,97.6,CERT-1153
1154,1154,9,9,17,2024-08-12,2024-11-04,dropped_out,94.1,
1155,1155,9,9,17,2024-08-12,2024-11-04,completed,95.8,CERT-1155
1156,1156,9,9,17,2024-08-12,2024-11-04,completed,83.7,CERT-1156
1157,1157,9,6,18,2024-02-27,2024-05-21,completed,85.2,CERT-1157
1158,1158,9,6,18,2024-02-27,2024-05-21,completed,76.5,CERT-1158
1159,1159,9,6,18,2024-02-27,2024-05-21,completed,89.4,CERT-1159
1160,1160,9,6,18,2024-02-27,2024-05-21,dropped_out,84.2,
1161,1161,9,6,18,2024-02-27,2024-05-21,completed,87.4,CERT-1161
1162,1162,9,6,18,2024-02-27,2024-05-21,completed,63.0,CERT-1162
1163,1163,9,6,18,2024-02-27,2024-05-21,completed,51.8,CERT-1163
1164,1164,9,6,18,2024-02-27,2024-05-21,completed,81.4,CERT-1164
1165,1165,9,6,18,2024-02-27,2024-05-21,completed,90.4,CERT-1165
1166,1166,9,6,18,2024-02-27,2024-05-21,completed,48.1,CERT-1166
1167,1167,9,6,18,2024-02-27,2024-05-21,completed,62.1,CERT-1167
1168,1168,9,6,18,2024-02-27,2024-05-21,completed,94.1,CERT-1168
1169,1169,9,6,18,2024-02-27,2024-05-21,completed,54.1,CERT-1169
1170,1170,9,6,18,2024-02-27,2024-05-21,completed,89.9,CERT-1170
1171,1171,9,6,18,2024-02-27,2024-05-21,dropped_out,77.3,
1172,1172,9,6,18,2024-02-27,2024-05-21,completed,45.6,CERT-1172
1173,1173,9,6,18,2024-02-27,2024-05-21,completed,93.7,CERT-1173
1174,1174,9,6,18,2024-02-27,2024-05-21,completed,50.8,CERT-1174
1175,1175,9,6,18,2024-02-27,2024-05-21,dropped_out,83.0,
1176,1176,9,6,18,2024-02-27,2024-05-21,completed,96.4,CERT-1176
1177,1177,9,6,18,2024-02-27,2024-05-21,dropped_out,92.7,
1178,1178,9,6,18,2024-02-27,2024-05-21,completed,71.5,CERT-1178
1179,1179,9,6,18,2024-02-27,2024-05-21,completed,87.7,CERT-1179
1180,1180,9,6,18,2024-02-27,2024-05-21,completed,79.0,CERT-1180
1181,1181,9,6,18,2024-02-27,2024-05-21,completed,52.8,CERT-1181
1182,1182,9,6,18,2024-02-27,2024-05-21,dropped_out,92.1,
1183,1183,9,6,18,2024-02-27,2024-05-21,completed,48.7,CERT-1183
1184,1184,9,6,18,2024-02-27,2024-05-21,completed,91.6,CERT-1184
1185,1185,9,6,18,2024-02-27,2024-05-21,completed,81.3,CERT-1185
1186,1186,9,6,18,2024-02-27,2024-05-21,dropped_out,66.3,
1187,1187,9,6,18,2024-02-27,2024-05-21,completed,52.0,CERT-1187
1188,1188,9,6,18,2024-02-27,2024-05-21,completed,86.5,CERT-1188
1189,1189,9,6,18,2024-02-27,2024-05-21,dropped_out,70.8,
1190,1190,9,6,18,2024-02-27,2024-05-21,completed,62.5,CERT-1190
1191,1191,9,6,18,2024-02-27,2024-05-21,completed,79.1,CERT-1191
1192,1192,9,6,18,2024-02-27,2024-05-21,completed,78.3,CERT-1192
1193,1193,9,6,18,2024-02-27,2024-05-21,completed,96.7,CERT-1193
1194,1194,9,6,18,2024-02-27,2024-05-21,completed,88.2,CERT-1194
1195,1195,9,6,18,2024-02-27,2024-05-21,completed,64.5,CERT-1195
1196,1196,9,6,18,2024-02-27,2024-05-21,completed,64.9,CERT-1196
1197,1197,9,6,18,2024-02-27,2024-05-21,completed,75.9,CERT-1197
1198,1198,9,6,18,2024-02-27,2024-05-21,completed,89.9,CERT-1198
1199,1199,9,6,18,2024-02-27,2024-05-21,completed,79.5,CERT-1199
1200,1200,9,6,18,2024-02-27,2024-05-21,completed,62.8,CERT-1200
1201,1201,9,6,18,2024-02-27,2024-05-21,completed,74.2,CERT-1201
1202,1202,9,6,18,2024-02-27,2024-05-21,completed,65.5,CERT-1202
1203,1203,9,6,18,2024-02-27,2024-05-21,completed,60.3,CERT-1203
1204,1204,9,6,18,2024-02-27,2024-05-21,completed,97.8,CERT-1204
1205,1205,9,6,18,2024-02-27,2024-05-21,completed,84.7,CERT-1205
1206,1206,9,6,18,2024-02-27,2024-05-21,completed,69.0,CERT-1206
1207,1207,9,6,18,2024-02-27,2024-05-21,completed,56.1,CERT-1207
1208,1208,9,6,18,2024-02-27,2024-05-21,completed,93.1,CERT-1208
1209,1209,9,6,18,2024-02-27,2024-05-21,dropped_out,94.1,
1210,1210,9,6,18,2024-02-27,2024-05-21,completed,62.7,CERT-1210
1211,1211,9,6,18,2024-02-27,2024-05-21,completed,70.6,CERT-1211
1212,1212,9,6,18,2024-02-27,2024-05-21,completed,76.2,CERT-1212
1213,1213,9,6,18,2024-02-27,2024-05-21,completed,49.5,CERT-1213
1214,1214,9,6,18,2024-02-27,2024-05-21,completed,79.5,CERT-1214
1215,1215,9,6,18,2024-02-27,2024-05-21,completed,93.5,CERT-1215
1216,1216,9,6,18,2024-02-27,2024-05-21,completed,76.1,CERT-1216
1217,1217,9,6,18,2024-02-27,2024-05-21,completed,90.6,CERT-1217
1218,1218,9,6,18,2024-02-27,2024-05-21,completed,87.6,CERT-1218
1219,1219,9,6,18,2024-02-27,2024-05-21,completed,59.2,CERT-1219
1220,1220,9,6,18,2024-02-27,2024-05-21,completed,78.7,CERT-1220
1221,1221,9,6,18,2024-02-27,2024-05-21,completed,72.1,CERT-1221
1222,1222,9,6,18,2024-02-27,2024-05-21,completed,64.6,CERT-1222
1223,1223,9,6,18,2024-02-27,2024-05-21,completed,63.0,CERT-1223
1224,1224,9,6,18,2024-02-27,2024-05-21,completed,84.9,CERT-1224
1225,1225,10,4,19,2024-02-02,2024-04-26,completed,80.7,CERT-1225
1226,1226,10,4,19,2024-02-02,2024-04-26,completed,58.0,CERT-1226
1227,1227,10,4,19,2024-02-02,2024-04-26,completed,79.0,CERT-1227
1228,1228,10,4,19,2024-02-02,2024-04-26,completed,66.5,CERT-1228
1229,1229,10,4,19,2024-02-02,2024-04-26,dropped_out,66.0,
1230,1230,10,4,19,2024-02-02,2024-04-26,completed,50.8,CERT-1230
1231,1231,10,4,19,2024-02-02,2024-04-26,completed,66.7,CERT-1231
1232,1232,10,4,19,2024-02-02,2024-04-26,completed,50.9,CERT-1232
1233,1233,10,4,19,2024-02-02,2024-04-26,dropped_out,74.9,
1234,1234,10,4,19,2024-02-02,2024-04-26,completed,90.8,CERT-1234
1235,1235,10,4,19,2024-02-02,2024-04-26,completed,94.1,CERT-1235
1236,1236,10,4,19,2024-02-02,2024-04-26,completed,94.8,CERT-1236
1237,1237,10,4,19,2024-02-02,2024-04-26,completed,70.5,CERT-1237
1238,1238,10,4,19,2024-02-02,2024-04-26,completed,50.2,CERT-1238
1239,1239,10,4,19,2024-02-02,2024-04-26,completed,45.2,CERT-1239
1240,1240,10,4,19,2024-02-02,2024-04-26,completed,73.3,CERT-1240
1241,1241,10,4,19,2024-02-02,2024-04-26,completed,77.2,CERT-1241
1242,1242,10,4,19,2024-02-02,2024-04-26,completed,67.7,CERT-1242
1243,1243,10,4,19,2024-02-02,2024-04-26,completed,96.4,CERT-1243
1244,1244,10,4,19,2024-02-02,2024-04-26,completed,51.3,CERT-1244
1245,1245,10,4,19,2024-02-02,2024-04-26,completed,69.7,CERT-1245
1246,1246,10,4,19,2024-02-02,2024-04-26,completed,77.0,CERT-1246
1247,1247,10,4,19,2024-02-02,2024-04-26,completed,76.3,CERT-1247
1248,1248,10,4,19,2024-02-02,2024-04-26,completed,64.3,CERT-1248
1249,1249,10,4,19,2024-02-02,2024-04-26,completed,65.7,CERT-1249
1250,1250,10,4,19,2024-02-02,2024-04-26,completed,58.8,CERT-1250
1251,1251,10,4,19,2024-02-02,2024-04-26,completed,76.8,CERT-1251
1252,1252,10,4,19,2024-02-02,2024-04-26,dropped_out,66.6,
1253,1253,10,4,19,2024-02-02,2024-04-26,completed,91.1,CERT-1253
1254,1254,10,4,19,2024-02-02,2024-04-26,completed,53.2,CERT-1254
1255,1255,10,4,19,2024-02-02,2024-04-26,completed,50.4,CERT-1255
1256,1256,10,4,19,2024-02-02,2024-04-26,completed,46.5,CERT-1256
1257,1257,10,4,19,2024-02-02,2024-04-26,completed,93.2,CERT-1257
1258,1258,10,4,19,2024-02-02,2024-04-26,completed,51.7,CERT-1258
1259,1259,10,4,19,2024-02-02,2024-04-26,completed,87.4,CERT-1259
1260,1260,10,4,19,2024-02-02,2024-04-26,completed,50.2,CERT-1260
1261,1261,10,4,19,2024-02-02,2024-04-26,completed,45.7,CERT-1261
1262,1262,10,4,19,2024-02-02,2024-04-26,completed,46.1,CERT-1262
1263,1263,10,4,19,2024-02-02,2024-04-26,completed,47.6,CERT-1263
1264,1264,10,4,19,2024-02-02,2024-04-26,completed,56.7,CERT-1264
1265,1265,10,4,19,2024-02-02,2024-04-26,completed,69.1,CERT-1265
1266,1266,10,4,19,2024-02-02,2024-04-26,completed,62.9,CERT-1266
1267,1267,10,4,19,2024-02-02,2024-04-26,completed,57.0,CERT-1267
1268,1268,10,4,19,2024-02-02,2024-04-26,completed,97.3,CERT-1268
1269,1269,10,4,19,2024-02-02,2024-04-26,completed,61.0,CERT-1269
1270,1270,10,4,19,2024-02-02,2024-04-26,completed,80.6,CERT-1270
1271,1271,10,4,19,2024-02-02,2024-04-26,completed,54.8,CERT-1271
1272,1272,10,4,19,2024-02-02,2024-04-26,completed,65.0,CERT-1272
1273,1273,10,4,19,2024-02-02,2024-04-26,completed,70.0,CERT-1273
1274,1274,10,4,19,2024-02-02,2024-04-26,completed,88.5,CERT-1274
1275,1275,10,4,19,2024-02-02,2024-04-26,completed,78.1,CERT-1275
1276,1276,10,4,19,2024-02-02,2024-04-26,completed,64.5,CERT-1276
1277,1277,10,4,19,2024-02-02,2024-04-26,completed,51.7,CERT-1277
1278,1278,10,4,19,2024-02-02,2024-04-26,completed,54.8,CERT-1278
1279,1279,10,4,19,2024-02-02,2024-04-26,completed,59.8,CERT-1279
1280,1280,10,4,19,2024-02-02,2024-04-26,completed,52.3,CERT-1280
1281,1281,10,4,19,2024-02-02,2024-04-26,completed,48.9,CERT-1281
1282,1282,10,4,19,2024-02-02,2024-04-26,completed,60.5,CERT-1282
1283,1283,10,4,19,2024-02-02,2024-04-26,completed,74.4,CERT-1283
1284,1284,10,4,19,2024-02-02,2024-04-26,completed,91.7,CERT-1284
1285,1285,10,4,19,2024-02-02,2024-04-26,completed,85.6,CERT-1285
1286,1286,10,4,19,2024-02-02,2024-04-26,completed,88.3,CERT-1286
1287,1287,10,4,19,2024-02-02,2024-04-26,completed,80.8,CERT-1287
1288,1288,10,4,19,2024-02-02,2024-04-26,dropped_out,97.2,
1289,1289,10,4,19,2024-02-02,2024-04-26,completed,55.0,CERT-1289
1290,1290,10,4,19,2024-02-02,2024-04-26,completed,78.8,CERT-1290
1291,1291,10,4,19,2024-02-02,2024-04-26,completed,50.8,CERT-1291
1292,1292,10,4,19,2024-02-02,2024-04-26,completed,69.5,CERT-1292
1293,1293,10,6,20,2025-02-14,2025-05-09,completed,50.5,CERT-1293
1294,1294,10,6,20,2025-02-14,2025-05-09,completed,79.1,CERT-1294
1295,1295,10,6,20,2025-02-14,2025-05-09,completed,70.7,CERT-1295
1296,1296,10,6,20,2025-02-14,2025-05-09,completed,92.8,CERT-1296
1297,1297,10,6,20,2025-02-14,2025-05-09,dropped_out,73.9,
1298,1298,10,6,20,2025-02-14,2025-05-09,completed,83.3,CERT-1298
1299,1299,10,6,20,2025-02-14,2025-05-09,dropped_out,93.1,
1300,1300,10,6,20,2025-02-14,2025-05-09,completed,59.8,CERT-1300
1301,1301,10,6,20,2025-02-14,2025-05-09,completed,69.1,CERT-1301
1302,1302,10,6,20,2025-02-14,2025-05-09,completed,95.7,CERT-1302
1303,1303,10,6,20,2025-02-14,2025-05-09,dropped_out,66.0,
1304,1304,10,6,20,2025-02-14,2025-05-09,completed,52.1,CERT-1304
1305,1305,10,6,20,2025-02-14,2025-05-09,completed,81.0,CERT-1305
1306,1306,10,6,20,2025-02-14,2025-05-09,completed,49.6,CERT-1306
1307,1307,10,6,20,2025-02-14,2025-05-09,completed,62.9,CERT-1307
1308,1308,10,6,20,2025-02-14,2025-05-09,dropped_out,68.5,
1309,1309,10,6,20,2025-02-14,2025-05-09,completed,79.1,CERT-1309
1310,1310,10,6,20,2025-02-14,2025-05-09,completed,47.7,CERT-1310
1311,1311,10,6,20,2025-02-14,2025-05-09,completed,49.7,CERT-1311
1312,1312,10,6,20,2025-02-14,2025-05-09,completed,52.3,CERT-1312
1313,1313,10,6,20,2025-02-14,2025-05-09,completed,89.9,CERT-1313
1314,1314,10,6,20,2025-02-14,2025-05-09,completed,81.1,CERT-1314
1315,1315,10,6,20,2025-02-14,2025-05-09,completed,55.7,CERT-1315
1316,1316,10,6,20,2025-02-14,2025-05-09,completed,57.5,CERT-1316
1317,1317,10,6,20,2025-02-14,2025-05-09,completed,86.5,CERT-1317
1318,1318,10,6,20,2025-02-14,2025-05-09,completed,57.8,CERT-1318
1319,1319,10,6,20,2025-02-14,2025-05-09,completed,86.4,CERT-1319
1320,1320,10,6,20,2025-02-14,2025-05-09,completed,76.5,CERT-1320
1321,1321,10,6,20,2025-02-14,2025-05-09,completed,97.6,CERT-1321
1322,1322,10,6,20,2025-02-14,2025-05-09,completed,91.5,CERT-1322
1323,1323,10,6,20,2025-02-14,2025-05-09,completed,45.7,CERT-1323
1324,1324,10,6,20,2025-02-14,2025-05-09,completed,79.5,CERT-1324
1325,1325,10,6,20,2025-02-14,2025-05-09,completed,95.9,CERT-1325
1326,1326,10,6,20,2025-02-14,2025-05-09,completed,90.4,CERT-1326
1327,1327,10,6,20,2025-02-14,2025-05-09,completed,89.1,CERT-1327
1328,1328,10,6,20,2025-02-14,2025-05-09,completed,81.6,CERT-1328
1329,1329,10,6,20,2025-02-14,2025-05-09,completed,83.2,CERT-1329
1330,1330,10,6,20,2025-02-14,2025-05-09,dropped_out,55.4,
1331,1331,10,6,20,2025-02-14,2025-05-09,completed,68.7,CERT-1331
1332,1332,10,6,20,2025-02-14,2025-05-09,completed,96.4,CERT-1332
1333,1333,10,6,20,2025-02-14,2025-05-09,completed,69.6,CERT-1333
1334,1334,10,6,20,2025-02-14,2025-05-09,completed,68.0,CERT-1334
1335,1335,10,6,20,2025-02-14,2025-05-09,completed,71.3,CERT-1335
1336,1336,10,6,20,2025-02-14,2025-05-09,completed,58.8,CERT-1336
1337,1337,10,6,20,2025-02-14,2025-05-09,completed,49.2,CERT-1337
1338,1338,10,6,20,2025-02-14,2025-05-09,completed,82.0,CERT-1338
1339,1339,10,6,20,2025-02-14,2025-05-09,completed,55.6,CERT-1339
1340,1340,10,6,20,2025-02-14,2025-05-09,completed,45.7,CERT-1340
1341,1341,10,6,20,2025-02-14,2025-05-09,completed,86.9,CERT-1341
1342,1342,10,6,20,2025-02-14,2025-05-09,completed,63.2,CERT-1342
1343,1343,10,6,20,2025-02-14,2025-05-09,completed,57.8,CERT-1343
1344,1344,10,6,20,2025-02-14,2025-05-09,completed,49.5,CERT-1344
1345,1345,10,6,20,2025-02-14,2025-05-09,completed,87.2,CERT-1345
1346,1346,10,6,20,2025-02-14,2025-05-09,completed,50.7,CERT-1346
1347,1347,10,6,20,2025-02-14,2025-05-09,completed,68.5,CERT-1347
1348,1348,10,6,20,2025-02-14,2025-05-09,completed,72.2,CERT-1348
1349,1349,10,6,20,2025-02-14,2025-05-09,completed,46.8,CERT-1349
1350,1350,10,6,20,2025-02-14,2025-05-09,completed,60.8,CERT-1350
1351,1351,10,6,20,2025-02-14,2025-05-09,completed,45.2,CERT-1351
1352,1352,10,6,20,2025-02-14,2025-05-09,completed,69.7,CERT-1352
1353,1353,10,6,20,2025-02-14,2025-05-09,dropped_out,46.2,
1354,1354,10,6,20,2025-02-14,2025-05-09,completed,96.2,CERT-1354
1355,1355,10,6,20,2025-02-14,2025-05-09,completed,46.5,CERT-1355
1356,1356,10,6,20,2025-02-14,2025-05-09,completed,45.3,CERT-1356
1357,1357,10,6,20,2025-02-14,2025-05-09,completed,57.7,CERT-1357
1358,1358,10,6,20,2025-02-14,2025-05-09,completed,65.7,CERT-1358
1359,1359,10,6,20,2025-02-14,2025-05-09,completed,75.0,CERT-1359
1360,1360,10,6,20,2025-02-14,2025-05-09,dropped_out,59.8,
1361,1361,11,5,21,2024-03-08,2024-05-31,completed,57.0,CERT-1361
1362,1362,11,5,21,2024-03-08,2024-05-31,completed,82.5,CERT-1362
1363,1363,11,5,21,2024-03-08,2024-05-31,completed,56.8,CERT-1363
1364,1364,11,5,21,2024-03-08,2024-05-31,completed,72.9,CERT-1364
1365,1365,11,5,21,2024-03-08,2024-05-31,completed,75.8,CERT-1365
1366,1366,11,5,21,2024-03-08,2024-05-31,completed,57.9,CERT-1366
1367,1367,11,5,21,2024-03-08,2024-05-31,completed,64.4,CERT-1367
1368,1368,11,5,21,2024-03-08,2024-05-31,completed,45.7,CERT-1368
1369,1369,11,5,21,2024-03-08,2024-05-31,completed,86.2,CERT-1369
1370,1370,11,5,21,2024-03-08,2024-05-31,completed,90.1,CERT-1370
1371,1371,11,5,21,2024-03-08,2024-05-31,completed,87.9,CERT-1371
1372,1372,11,5,21,2024-03-08,2024-05-31,completed,74.4,CERT-1372
1373,1373,11,5,21,2024-03-08,2024-05-31,completed,69.4,CERT-1373
1374,1374,11,5,21,2024-03-08,2024-05-31,completed,48.5,CERT-1374
1375,1375,11,5,21,2024-03-08,2024-05-31,completed,48.3,CERT-1375
1376,1376,11,5,21,2024-03-08,2024-05-31,completed,50.0,CERT-1376
1377,1377,11,5,21,2024-03-08,2024-05-31,completed,96.5,CERT-1377
1378,1378,11,5,21,2024-03-08,2024-05-31,completed,89.3,CERT-1378
1379,1379,11,5,21,2024-03-08,2024-05-31,completed,55.2,CERT-1379
1380,1380,11,5,21,2024-03-08,2024-05-31,completed,78.7,CERT-1380
1381,1381,11,5,21,2024-03-08,2024-05-31,dropped_out,95.7,
1382,1382,11,5,21,2024-03-08,2024-05-31,completed,80.2,CERT-1382
1383,1383,11,5,21,2024-03-08,2024-05-31,completed,49.9,CERT-1383
1384,1384,11,5,21,2024-03-08,2024-05-31,completed,94.8,CERT-1384
1385,1385,11,5,21,2024-03-08,2024-05-31,completed,86.1,CERT-1385
1386,1386,11,5,21,2024-03-08,2024-05-31,completed,93.8,CERT-1386
1387,1387,11,5,21,2024-03-08,2024-05-31,completed,56.1,CERT-1387
1388,1388,11,5,21,2024-03-08,2024-05-31,completed,51.6,CERT-1388
1389,1389,11,5,21,2024-03-08,2024-05-31,completed,95.3,CERT-1389
1390,1390,11,5,21,2024-03-08,2024-05-31,completed,58.8,CERT-1390
1391,1391,11,5,21,2024-03-08,2024-05-31,completed,64.0,CERT-1391
1392,1392,11,5,21,2024-03-08,2024-05-31,completed,66.7,CERT-1392
1393,1393,11,5,21,2024-03-08,2024-05-31,dropped_out,88.7,
1394,1394,11,5,21,2024-03-08,2024-05-31,dropped_out,89.1,
1395,1395,11,5,21,2024-03-08,2024-05-31,completed,95.8,CERT-1395
1396,1396,11,5,21,2024-03-08,2024-05-31,completed,54.1,CERT-1396
1397,1397,11,5,21,2024-03-08,2024-05-31,dropped_out,49.2,
1398,1398,11,5,21,2024-03-08,2024-05-31,completed,49.5,CERT-1398
1399,1399,11,5,21,2024-03-08,2024-05-31,completed,91.0,CERT-1399
1400,1400,11,5,21,2024-03-08,2024-05-31,completed,65.5,CERT-1400
1401,1401,11,5,21,2024-03-08,2024-05-31,completed,61.0,CERT-1401
1402,1402,11,5,21,2024-03-08,2024-05-31,completed,65.6,CERT-1402
1403,1403,11,5,21,2024-03-08,2024-05-31,completed,59.0,CERT-1403
1404,1404,11,5,21,2024-03-08,2024-05-31,completed,70.2,CERT-1404
1405,1405,11,5,21,2024-03-08,2024-05-31,completed,64.7,CERT-1405
1406,1406,11,5,21,2024-03-08,2024-05-31,dropped_out,98.0,
1407,1407,11,5,21,2024-03-08,2024-05-31,completed,76.0,CERT-1407
1408,1408,11,5,21,2024-03-08,2024-05-31,completed,97.7,CERT-1408
1409,1409,11,5,21,2024-03-08,2024-05-31,completed,82.7,CERT-1409
1410,1410,11,5,21,2024-03-08,2024-05-31,completed,56.5,CERT-1410
1411,1411,11,5,21,2024-03-08,2024-05-31,completed,89.4,CERT-1411
1412,1412,11,5,21,2024-03-08,2024-05-31,completed,50.1,CERT-1412
1413,1413,11,5,21,2024-03-08,2024-05-31,completed,70.9,CERT-1413
1414,1414,11,5,21,2024-03-08,2024-05-31,completed,80.9,CERT-1414
1415,1415,11,5,21,2024-03-08,2024-05-31,completed,89.5,CERT-1415
1416,1416,11,5,21,2024-03-08,2024-05-31,completed,55.9,CERT-1416
1417,1417,11,5,21,2024-03-08,2024-05-31,completed,83.0,CERT-1417
1418,1418,11,5,21,2024-03-08,2024-05-31,completed,92.9,CERT-1418
1419,1419,11,5,21,2024-03-08,2024-05-31,completed,61.6,CERT-1419
1420,1420,11,5,21,2024-03-08,2024-05-31,completed,94.6,CERT-1420
1421,1421,11,5,21,2024-03-08,2024-05-31,completed,65.2,CERT-1421
1422,1422,11,5,21,2024-03-08,2024-05-31,completed,84.2,CERT-1422
1423,1423,11,5,21,2024-03-08,2024-05-31,dropped_out,75.1,
1424,1424,11,5,21,2024-03-08,2024-05-31,completed,74.2,CERT-1424
1425,1425,11,5,21,2024-03-08,2024-05-31,completed,95.2,CERT-1425
1426,1426,11,5,21,2024-03-08,2024-05-31,completed,81.5,CERT-1426
1427,1427,11,5,21,2024-03-08,2024-05-31,completed,52.3,CERT-1427
1428,1428,11,5,21,2024-03-08,2024-05-31,dropped_out,59.8,
1429,1429,11,4,22,2024-11-18,2025-02-10,completed,49.2,CERT-1429
1430,1430,11,4,22,2024-11-18,2025-02-10,completed,83.2,CERT-1430
1431,1431,11,4,22,2024-11-18,2025-02-10,completed,51.7,CERT-1431
1432,1432,11,4,22,2024-11-18,2025-02-10,completed,73.0,CERT-1432
1433,1433,11,4,22,2024-11-18,2025-02-10,completed,53.8,CERT-1433
1434,1434,11,4,22,2024-11-18,2025-02-10,completed,92.8,CERT-1434
1435,1435,11,4,22,2024-11-18,2025-02-10,completed,68.1,CERT-1435
1436,1436,11,4,22,2024-11-18,2025-02-10,completed,66.7,CERT-1436
1437,1437,11,4,22,2024-11-18,2025-02-10,completed,49.6,CERT-1437
1438,1438,11,4,22,2024-11-18,2025-02-10,completed,62.1,CERT-1438
1439,1439,11,4,22,2024-11-18,2025-02-10,dropped_out,50.8,
1440,1440,11,4,22,2024-11-18,2025-02-10,completed,79.6,CERT-1440
1441,1441,11,4,22,2024-11-18,2025-02-10,dropped_out,90.3,
1442,1442,11,4,22,2024-11-18,2025-02-10,completed,91.7,CERT-1442
1443,1443,11,4,22,2024-11-18,2025-02-10,dropped_out,62.6,
1444,1444,11,4,22,2024-11-18,2025-02-10,completed,48.3,CERT-1444
1445,1445,11,4,22,2024-11-18,2025-02-10,completed,94.1,CERT-1445
1446,1446,11,4,22,2024-11-18,2025-02-10,completed,94.9,CERT-1446
1447,1447,11,4,22,2024-11-18,2025-02-10,completed,53.8,CERT-1447
1448,1448,11,4,22,2024-11-18,2025-02-10,completed,61.2,CERT-1448
1449,1449,11,4,22,2024-11-18,2025-02-10,completed,87.4,CERT-1449
1450,1450,11,4,22,2024-11-18,2025-02-10,completed,69.5,CERT-1450
1451,1451,11,4,22,2024-11-18,2025-02-10,completed,79.9,CERT-1451
1452,1452,11,4,22,2024-11-18,2025-02-10,completed,62.8,CERT-1452
1453,1453,11,4,22,2024-11-18,2025-02-10,completed,50.2,CERT-1453
1454,1454,11,4,22,2024-11-18,2025-02-10,completed,50.1,CERT-1454
1455,1455,11,4,22,2024-11-18,2025-02-10,completed,51.6,CERT-1455
1456,1456,11,4,22,2024-11-18,2025-02-10,completed,94.8,CERT-1456
1457,1457,11,4,22,2024-11-18,2025-02-10,completed,63.7,CERT-1457
1458,1458,11,4,22,2024-11-18,2025-02-10,completed,93.3,CERT-1458
1459,1459,11,4,22,2024-11-18,2025-02-10,completed,74.7,CERT-1459
1460,1460,11,4,22,2024-11-18,2025-02-10,completed,51.7,CERT-1460
1461,1461,11,4,22,2024-11-18,2025-02-10,completed,59.0,CERT-1461
1462,1462,11,4,22,2024-11-18,2025-02-10,completed,61.8,CERT-1462
1463,1463,11,4,22,2024-11-18,2025-02-10,completed,58.8,CERT-1463
1464,1464,11,4,22,2024-11-18,2025-02-10,completed,62.2,CERT-1464
1465,1465,11,4,22,2024-11-18,2025-02-10,completed,93.3,CERT-1465
1466,1466,11,4,22,2024-11-18,2025-02-10,completed,47.2,CERT-1466
1467,1467,11,4,22,2024-11-18,2025-02-10,completed,65.7,CERT-1467
1468,1468,11,4,22,2024-11-18,2025-02-10,completed,58.6,CERT-1468
1469,1469,11,4,22,2024-11-18,2025-02-10,completed,51.9,CERT-1469
1470,1470,11,4,22,2024-11-18,2025-02-10,completed,48.7,CERT-1470
1471,1471,11,4,22,2024-11-18,2025-02-10,completed,69.6,CERT-1471
1472,1472,11,4,22,2024-11-18,2025-02-10,completed,97.7,CERT-1472
1473,1473,11,4,22,2024-11-18,2025-02-10,dropped_out,64.2,
1474,1474,11,4,22,2024-11-18,2025-02-10,completed,93.7,CERT-1474
1475,1475,11,4,22,2024-11-18,2025-02-10,completed,49.3,CERT-1475
1476,1476,11,4,22,2024-11-18,2025-02-10,completed,66.4,CERT-1476
1477,1477,11,4,22,2024-11-18,2025-02-10,completed,61.0,CERT-1477
1478,1478,11,4,22,2024-11-18,2025-02-10,completed,47.7,CERT-1478
1479,1479,11,4,22,2024-11-18,2025-02-10,completed,84.4,CERT-1479
1480,1480,11,4,22,2024-11-18,2025-02-10,dropped_out,72.5,
1481,1481,11,4,22,2024-11-18,2025-02-10,completed,90.7,CERT-1481
1482,1482,11,4,22,2024-11-18,2025-02-10,completed,55.9,CERT-1482
1483,1483,11,4,22,2024-11-18,2025-02-10,completed,54.7,CERT-1483
1484,1484,11,4,22,2024-11-18,2025-02-10,dropped_out,68.2,
1485,1485,11,4,22,2024-11-18,2025-02-10,completed,67.2,CERT-1485
1486,1486,11,4,22,2024-11-18,2025-02-10,completed,81.0,CERT-1486
1487,1487,11,4,22,2024-11-18,2025-02-10,completed,70.4,CERT-1487
1488,1488,11,4,22,2024-11-18,2025-02-10,completed,63.6,CERT-1488
1489,1489,11,4,22,2024-11-18,2025-02-10,completed,46.5,CERT-1489
1490,1490,11,4,22,2024-11-18,2025-02-10,completed,87.3,CERT-1490
1491,1491,11,4,22,2024-11-18,2025-02-10,completed,81.3,CERT-1491
1492,1492,11,4,22,2024-11-18,2025-02-10,completed,61.9,CERT-1492
1493,1493,11,4,22,2024-11-18,2025-02-10,completed,54.1,CERT-1493
1494,1494,11,4,22,2024-11-18,2025-02-10,completed,79.1,CERT-1494
1495,1495,11,4,22,2024-11-18,2025-02-10,completed,46.5,CERT-1495
1496,1496,11,4,22,2024-11-18,2025-02-10,completed,56.2,CERT-1496
